timestamp,nama_user,berat_badan,s1,s2,s3,s4,s5,s6,label_code,label_text
08:44:13.662,duduk_maju,74,15.63,-1.00,-0.56,15.48,0,0,5,Duduk Terlalu Maju
08:44:13.764,duduk_maju,74,15.68,-1.04,-0.57,15.54,0,0,5,Duduk Terlalu Maju
08:44:13.867,duduk_maju,74,15.69,-1.06,-0.61,15.54,0,0,5,Duduk Terlalu Maju
08:44:13.969,duduk_maju,74,15.65,-1.07,-0.63,15.50,0,0,5,Duduk Terlalu Maju
08:44:14.071,duduk_maju,74,15.61,-1.06,-0.64,15.46,0,0,5,Duduk Terlalu Maju
08:44:14.173,duduk_maju,74,15.63,-1.05,-0.63,15.51,0,0,5,Duduk Terlalu Maju
08:44:14.275,duduk_maju,74,15.56,-1.05,-0.63,15.46,0,0,5,Duduk Terlalu Maju
08:44:14.378,duduk_maju,74,15.57,-1.05,-0.61,15.44,0,0,5,Duduk Terlalu Maju
08:44:14.480,duduk_maju,74,15.57,-1.05,-0.60,15.46,0,0,5,Duduk Terlalu Maju
08:44:14.582,duduk_maju,74,15.54,-1.07,-0.61,15.43,0,0,5,Duduk Terlalu Maju
08:44:14.684,duduk_maju,74,15.53,-1.07,-0.62,15.40,0,0,5,Duduk Terlalu Maju
08:44:14.787,duduk_maju,74,15.57,-1.08,-0.63,15.45,0,0,5,Duduk Terlalu Maju
08:44:14.889,duduk_maju,74,15.53,-1.08,-0.62,15.46,0,0,5,Duduk Terlalu Maju
08:44:14.991,duduk_maju,74,15.55,-1.07,-0.62,15.46,0,0,5,Duduk Terlalu Maju
08:44:15.093,duduk_maju,74,15.57,-1.06,-0.62,15.44,0,0,5,Duduk Terlalu Maju
08:44:15.196,duduk_maju,74,15.56,-1.07,-0.63,15.40,0,0,5,Duduk Terlalu Maju
08:44:15.298,duduk_maju,74,15.57,-1.07,-0.65,15.44,0,0,5,Duduk Terlalu Maju
08:44:15.400,duduk_maju,74,15.63,-1.07,-0.67,15.54,0,0,5,Duduk Terlalu Maju
08:44:15.502,duduk_maju,74,15.65,-1.10,-0.74,15.59,0,0,5,Duduk Terlalu Maju
08:44:15.604,duduk_maju,74,15.80,-1.24,-0.85,15.76,0,0,5,Duduk Terlalu Maju
08:44:15.707,duduk_maju,74,15.98,-1.44,-0.95,15.92,0,0,5,Duduk Terlalu Maju
08:44:15.809,duduk_maju,74,16.05,-1.57,-0.99,15.87,0,0,5,Duduk Terlalu Maju
08:44:15.911,duduk_maju,74,16.16,-1.45,-0.84,15.65,0,0,5,Duduk Terlalu Maju
08:44:16.013,duduk_maju,74,16.13,-1.19,-0.64,15.20,0,0,5,Duduk Terlalu Maju
08:44:16.116,duduk_maju,74,15.96,-0.95,-0.54,14.65,0,0,5,Duduk Terlalu Maju
08:44:16.218,duduk_maju,74,16.11,-0.78,-0.42,14.61,0,0,5,Duduk Terlalu Maju
08:44:16.320,duduk_maju,74,16.20,-0.72,-0.42,14.91,0,0,5,Duduk Terlalu Maju
08:44:16.422,duduk_maju,74,16.32,-0.94,-0.60,15.96,0,0,5,Duduk Terlalu Maju
08:44:16.524,duduk_maju,74,17.23,-1.29,-0.66,16.65,0,0,5,Duduk Terlalu Maju
08:44:16.627,duduk_maju,74,17.72,-1.26,-0.58,16.08,0,0,5,Duduk Terlalu Maju
08:44:16.729,duduk_maju,74,17.57,-1.06,-0.41,15.56,0,0,5,Duduk Terlalu Maju
08:44:16.831,duduk_maju,74,17.61,-0.80,-0.22,15.38,0,0,5,Duduk Terlalu Maju
08:44:16.934,duduk_maju,74,17.44,-0.46,0.07,15.03,0,0,5,Duduk Terlalu Maju
08:44:17.036,duduk_maju,74,16.97,-0.16,0.38,14.68,0,0,5,Duduk Terlalu Maju
08:44:17.138,duduk_maju,74,16.54,0.04,0.65,14.58,0,0,5,Duduk Terlalu Maju
08:44:17.240,duduk_maju,74,16.18,0.18,0.85,14.51,0,0,5,Duduk Terlalu Maju
08:44:17.342,duduk_maju,74,15.90,0.26,0.91,14.51,0,0,5,Duduk Terlalu Maju
08:44:17.444,duduk_maju,74,15.81,0.27,0.88,14.58,0,0,5,Duduk Terlalu Maju
08:44:17.547,duduk_maju,74,15.86,0.28,0.86,14.62,0,0,5,Duduk Terlalu Maju
08:44:17.649,duduk_maju,74,15.90,0.35,0.82,14.55,0,0,5,Duduk Terlalu Maju
08:44:17.751,duduk_maju,74,15.95,0.53,0.87,14.21,0,0,5,Duduk Terlalu Maju
08:44:17.854,duduk_maju,74,15.87,0.82,1.00,13.86,0,0,5,Duduk Terlalu Maju
08:44:17.956,duduk_maju,74,15.64,1.00,1.11,13.61,0,0,5,Duduk Terlalu Maju
08:44:18.058,duduk_maju,74,15.32,0.99,1.21,13.64,0,0,5,Duduk Terlalu Maju
08:44:18.160,duduk_maju,74,15.24,0.97,1.25,13.92,0,0,5,Duduk Terlalu Maju
08:44:18.263,duduk_maju,74,15.33,1.02,1.31,14.12,0,0,5,Duduk Terlalu Maju
08:44:18.365,duduk_maju,74,15.14,1.11,1.40,13.86,0,0,5,Duduk Terlalu Maju
08:44:18.467,duduk_maju,74,14.85,1.22,1.48,13.61,0,0,5,Duduk Terlalu Maju
08:44:18.569,duduk_maju,74,14.92,1.28,1.46,13.42,0,0,5,Duduk Terlalu Maju
08:44:18.671,duduk_maju,74,15.23,1.26,1.36,13.43,0,0,5,Duduk Terlalu Maju
08:44:18.773,duduk_maju,74,15.75,1.19,1.25,13.71,0,0,5,Duduk Terlalu Maju
08:44:18.876,duduk_maju,74,16.11,1.08,1.16,13.89,0,0,5,Duduk Terlalu Maju
08:44:18.978,duduk_maju,74,16.14,0.93,1.08,13.93,0,0,5,Duduk Terlalu Maju
08:44:19.080,duduk_maju,74,16.36,0.81,1.04,14.43,0,0,5,Duduk Terlalu Maju
08:44:19.183,duduk_maju,74,16.27,0.73,0.93,14.45,0,0,5,Duduk Terlalu Maju
08:44:19.285,duduk_maju,74,16.24,0.59,0.78,14.70,0,0,5,Duduk Terlalu Maju
08:44:19.387,duduk_maju,74,16.31,0.37,0.60,15.12,0,0,5,Duduk Terlalu Maju
08:44:19.489,duduk_maju,74,16.31,0.16,0.43,15.40,0,0,5,Duduk Terlalu Maju
08:44:19.592,duduk_maju,74,16.37,-0.03,0.24,15.61,0,0,5,Duduk Terlalu Maju
08:44:19.694,duduk_maju,74,16.50,-0.23,0.06,15.94,0,0,5,Duduk Terlalu Maju
08:44:19.796,duduk_maju,74,16.35,-0.50,-0.03,16.24,0,0,5,Duduk Terlalu Maju
08:44:19.899,duduk_maju,74,16.39,-0.82,-0.28,16.48,0,0,5,Duduk Terlalu Maju
08:44:20.001,duduk_maju,74,16.89,-0.99,-0.26,17.11,0,0,5,Duduk Terlalu Maju
08:44:20.103,duduk_maju,74,16.89,-1.20,-0.31,17.25,0,0,5,Duduk Terlalu Maju
08:44:20.205,duduk_maju,74,17.05,-1.35,-0.65,17.08,0,0,5,Duduk Terlalu Maju
08:44:20.307,duduk_maju,74,17.66,-1.52,-0.90,17.38,0,0,5,Duduk Terlalu Maju
08:44:20.410,duduk_maju,74,17.86,-1.70,-1.09,17.67,0,0,5,Duduk Terlalu Maju
08:44:20.512,duduk_maju,74,17.39,-1.69,-1.04,16.70,0,0,5,Duduk Terlalu Maju
08:44:20.614,duduk_maju,74,17.09,-1.58,-0.93,16.70,0,0,5,Duduk Terlalu Maju
08:44:20.716,duduk_maju,74,16.72,-1.71,-1.02,16.68,0,0,5,Duduk Terlalu Maju
08:44:20.819,duduk_maju,74,16.65,-1.79,-1.11,16.93,0,0,5,Duduk Terlalu Maju
08:44:20.921,duduk_maju,74,16.63,-1.79,-0.95,17.14,0,0,5,Duduk Terlalu Maju
08:44:21.023,duduk_maju,74,16.10,-1.73,-0.90,16.76,0,0,5,Duduk Terlalu Maju
08:44:21.125,duduk_maju,74,15.96,-1.57,-0.85,16.65,0,0,5,Duduk Terlalu Maju
08:44:21.228,duduk_maju,74,16.15,-1.54,-0.84,16.80,0,0,5,Duduk Terlalu Maju
08:44:21.330,duduk_maju,74,16.01,-1.54,-0.86,16.65,0,0,5,Duduk Terlalu Maju
08:44:21.432,duduk_maju,74,16.00,-1.50,-0.85,16.63,0,0,5,Duduk Terlalu Maju
08:44:21.534,duduk_maju,74,16.03,-1.50,-0.85,16.73,0,0,5,Duduk Terlalu Maju
08:44:21.636,duduk_maju,74,15.94,-1.50,-0.85,16.73,0,0,5,Duduk Terlalu Maju
08:44:21.739,duduk_maju,74,15.92,-1.45,-0.84,16.69,0,0,5,Duduk Terlalu Maju
08:44:21.841,duduk_maju,74,15.97,-1.44,-0.82,16.62,0,0,5,Duduk Terlalu Maju
08:44:21.943,duduk_maju,74,15.88,-1.43,-0.81,16.59,0,0,5,Duduk Terlalu Maju
08:44:22.045,duduk_maju,74,15.85,-1.43,-0.82,16.62,0,0,5,Duduk Terlalu Maju
08:44:22.148,duduk_maju,74,15.90,-1.59,-0.96,16.83,0,0,5,Duduk Terlalu Maju
08:44:22.250,duduk_maju,74,16.21,-1.91,-1.22,17.43,0,0,5,Duduk Terlalu Maju
08:44:22.353,duduk_maju,74,16.75,-1.98,-1.34,17.73,0,0,5,Duduk Terlalu Maju
08:44:22.454,duduk_maju,74,16.94,-1.86,-1.21,17.57,0,0,5,Duduk Terlalu Maju
08:44:22.557,duduk_maju,74,16.80,-1.58,-0.88,17.20,0,0,5,Duduk Terlalu Maju
08:44:22.659,duduk_maju,74,16.45,-1.10,-0.48,16.55,0,0,5,Duduk Terlalu Maju
08:44:22.761,duduk_maju,74,15.90,-0.57,-0.18,15.70,0,0,5,Duduk Terlalu Maju
08:44:22.863,duduk_maju,74,15.50,-0.26,0.07,15.18,0,0,5,Duduk Terlalu Maju
08:44:22.965,duduk_maju,74,15.40,-0.13,0.36,15.18,0,0,5,Duduk Terlalu Maju
08:44:23.068,duduk_maju,74,15.46,0.12,0.62,15.30,0,0,5,Duduk Terlalu Maju
08:44:23.170,duduk_maju,74,15.29,0.43,0.91,14.88,0,0,5,Duduk Terlalu Maju
08:44:23.272,duduk_maju,74,15.15,0.68,1.01,14.08,0,0,5,Duduk Terlalu Maju
08:44:23.375,duduk_maju,74,15.34,0.91,1.00,14.04,0,0,5,Duduk Terlalu Maju
08:44:23.478,duduk_maju,74,15.61,0.94,1.07,14.12,0,0,5,Duduk Terlalu Maju
08:44:23.579,duduk_maju,74,15.65,1.00,1.17,14.32,0,0,5,Duduk Terlalu Maju
08:44:23.681,duduk_maju,74,15.45,1.07,1.36,14.25,0,0,5,Duduk Terlalu Maju
08:44:23.784,duduk_maju,74,15.20,1.13,1.50,14.22,0,0,5,Duduk Terlalu Maju
08:44:23.886,duduk_maju,74,15.12,1.19,1.51,14.21,0,0,5,Duduk Terlalu Maju
08:44:23.988,duduk_maju,74,15.11,1.23,1.55,14.27,0,0,5,Duduk Terlalu Maju
08:44:24.090,duduk_maju,74,15.30,1.31,1.59,14.40,0,0,5,Duduk Terlalu Maju
08:44:24.192,duduk_maju,74,15.49,1.43,1.61,14.34,0,0,5,Duduk Terlalu Maju
08:44:24.294,duduk_maju,74,15.40,1.50,1.58,14.10,0,0,5,Duduk Terlalu Maju
08:44:24.397,duduk_maju,74,15.39,1.52,1.58,14.11,0,0,5,Duduk Terlalu Maju
08:44:24.499,duduk_maju,74,15.72,1.47,1.62,14.34,0,0,5,Duduk Terlalu Maju
08:44:24.601,duduk_maju,74,15.77,1.43,1.66,14.59,0,0,5,Duduk Terlalu Maju
08:44:24.704,duduk_maju,74,16.02,1.40,1.73,14.85,0,0,5,Duduk Terlalu Maju
08:44:24.806,duduk_maju,74,16.21,1.32,1.75,15.11,0,0,5,Duduk Terlalu Maju
08:44:24.908,duduk_maju,74,16.30,1.19,1.70,15.36,0,0,5,Duduk Terlalu Maju
08:44:25.010,duduk_maju,74,16.42,1.01,1.60,15.61,0,0,5,Duduk Terlalu Maju
08:44:25.112,duduk_maju,74,16.44,0.87,1.46,15.75,0,0,5,Duduk Terlalu Maju
08:44:25.215,duduk_maju,74,16.40,0.75,1.27,15.85,0,0,5,Duduk Terlalu Maju
08:44:25.317,duduk_maju,74,16.26,0.59,1.05,15.94,0,0,5,Duduk Terlalu Maju
08:44:25.419,duduk_maju,74,16.08,0.14,0.86,16.08,0,0,5,Duduk Terlalu Maju
08:44:25.521,duduk_maju,74,15.83,-0.15,0.69,16.19,0,0,5,Duduk Terlalu Maju
08:44:25.624,duduk_maju,74,15.54,-0.40,0.46,16.05,0,0,5,Duduk Terlalu Maju
08:44:25.726,duduk_maju,74,15.52,-0.62,0.11,15.91,0,0,5,Duduk Terlalu Maju
08:44:25.829,duduk_maju,74,15.62,-0.85,-0.12,15.86,0,0,5,Duduk Terlalu Maju
08:44:25.931,duduk_maju,74,15.68,-1.14,-0.38,15.78,0,0,5,Duduk Terlalu Maju
08:44:26.033,duduk_maju,74,16.05,-1.34,-0.82,16.49,0,0,5,Duduk Terlalu Maju
08:44:26.135,duduk_maju,74,16.23,-1.44,-1.09,16.73,0,0,5,Duduk Terlalu Maju
08:44:26.237,duduk_maju,74,15.99,-1.60,-1.04,16.71,0,0,5,Duduk Terlalu Maju
08:44:26.340,duduk_maju,74,15.71,-1.65,-0.93,16.52,0,0,5,Duduk Terlalu Maju
08:44:26.442,duduk_maju,74,15.32,-1.68,-0.83,16.22,0,0,5,Duduk Terlalu Maju
08:44:26.544,duduk_maju,74,15.13,-1.72,-0.73,16.20,0,0,5,Duduk Terlalu Maju
08:44:26.646,duduk_maju,74,15.10,-1.59,-0.68,16.30,0,0,5,Duduk Terlalu Maju
08:44:26.749,duduk_maju,74,14.93,-1.48,-0.61,16.20,0,0,5,Duduk Terlalu Maju
08:44:26.851,duduk_maju,74,14.89,-1.41,-0.57,16.08,0,0,5,Duduk Terlalu Maju
08:44:26.953,duduk_maju,74,14.97,-1.36,-0.63,16.02,0,0,5,Duduk Terlalu Maju
08:44:27.056,duduk_maju,74,15.15,-1.34,-0.76,16.02,0,0,5,Duduk Terlalu Maju
08:44:27.157,duduk_maju,74,15.31,-1.37,-0.82,16.13,0,0,5,Duduk Terlalu Maju
08:44:27.260,duduk_maju,74,15.29,-1.43,-0.85,16.18,0,0,5,Duduk Terlalu Maju
08:44:27.362,duduk_maju,74,15.35,-1.52,-0.87,16.63,0,0,5,Duduk Terlalu Maju
08:44:27.464,duduk_maju,74,15.51,-1.67,-0.87,16.95,0,0,5,Duduk Terlalu Maju
08:44:27.566,duduk_maju,74,15.53,-1.78,-0.95,17.10,0,0,5,Duduk Terlalu Maju
08:44:27.669,duduk_maju,74,15.59,-1.61,-0.96,17.17,0,0,5,Duduk Terlalu Maju
08:44:27.771,duduk_maju,74,15.54,-1.27,-0.93,17.02,0,0,5,Duduk Terlalu Maju
08:44:27.873,duduk_maju,74,15.31,-1.05,-0.80,16.74,0,0,5,Duduk Terlalu Maju
08:44:27.975,duduk_maju,74,15.30,-0.79,-0.56,16.45,0,0,5,Duduk Terlalu Maju
08:44:28.077,duduk_maju,74,15.22,-0.56,-0.28,15.93,0,0,5,Duduk Terlalu Maju
08:44:28.180,duduk_maju,74,14.90,-0.33,0.06,15.39,0,0,5,Duduk Terlalu Maju
08:44:28.282,duduk_maju,74,14.53,-0.15,0.24,15.00,0,0,5,Duduk Terlalu Maju
08:44:28.384,duduk_maju,74,14.45,-0.04,0.33,14.93,0,0,5,Duduk Terlalu Maju
08:44:28.487,duduk_maju,74,14.58,-0.00,0.50,15.13,0,0,5,Duduk Terlalu Maju
08:44:28.589,duduk_maju,74,14.63,0.08,0.63,15.12,0,0,5,Duduk Terlalu Maju
08:44:28.691,duduk_maju,74,14.55,0.27,0.79,14.73,0,0,5,Duduk Terlalu Maju
08:44:28.793,duduk_maju,74,14.66,0.44,0.96,14.53,0,0,5,Duduk Terlalu Maju
08:44:28.895,duduk_maju,74,15.01,0.62,0.99,14.69,0,0,5,Duduk Terlalu Maju
08:44:28.998,duduk_maju,74,15.42,0.86,1.06,14.60,0,0,5,Duduk Terlalu Maju
08:44:29.100,duduk_maju,74,15.52,1.10,1.20,14.58,0,0,5,Duduk Terlalu Maju
08:44:29.202,duduk_maju,74,15.41,1.34,1.33,14.42,0,0,5,Duduk Terlalu Maju
08:44:29.305,duduk_maju,74,15.09,1.56,1.41,14.11,0,0,5,Duduk Terlalu Maju
08:44:29.407,duduk_maju,74,15.01,1.70,1.45,14.12,0,0,5,Duduk Terlalu Maju
08:44:29.509,duduk_maju,74,15.24,1.73,1.46,14.22,0,0,5,Duduk Terlalu Maju
08:44:29.611,duduk_maju,74,15.37,1.70,1.46,14.23,0,0,5,Duduk Terlalu Maju
08:44:29.714,duduk_maju,74,15.51,1.68,1.44,14.29,0,0,5,Duduk Terlalu Maju
08:44:29.816,duduk_maju,74,15.66,1.59,1.42,14.37,0,0,5,Duduk Terlalu Maju
08:44:29.919,duduk_maju,74,15.79,1.44,1.40,14.43,0,0,5,Duduk Terlalu Maju
08:44:30.020,duduk_maju,74,16.03,1.20,1.34,14.60,0,0,5,Duduk Terlalu Maju
08:44:30.122,duduk_maju,74,16.03,0.92,1.22,15.06,0,0,5,Duduk Terlalu Maju
08:44:30.224,duduk_maju,74,15.97,0.63,1.05,15.40,0,0,5,Duduk Terlalu Maju
08:44:30.327,duduk_maju,74,16.00,0.32,0.82,15.74,0,0,5,Duduk Terlalu Maju
08:44:30.429,duduk_maju,74,15.85,-0.04,0.60,15.86,0,0,5,Duduk Terlalu Maju
08:44:30.531,duduk_maju,74,15.59,-0.35,0.40,15.86,0,0,5,Duduk Terlalu Maju
08:44:30.634,duduk_maju,74,15.75,-0.63,0.16,16.14,0,0,5,Duduk Terlalu Maju
08:44:30.736,duduk_maju,74,15.84,-0.97,0.01,16.45,0,0,5,Duduk Terlalu Maju
08:44:30.838,duduk_maju,74,15.61,-1.32,-0.20,16.56,0,0,5,Duduk Terlalu Maju
08:44:30.940,duduk_maju,74,15.99,-1.66,-0.57,17.22,0,0,5,Duduk Terlalu Maju
08:44:31.043,duduk_maju,74,16.27,-1.73,-0.80,17.77,0,0,5,Duduk Terlalu Maju
08:44:31.145,duduk_maju,74,16.01,-1.78,-0.84,17.38,0,0,5,Duduk Terlalu Maju
08:44:31.247,duduk_maju,74,15.99,-1.83,-1.00,17.22,0,0,5,Duduk Terlalu Maju
08:44:31.350,duduk_maju,74,15.69,-1.65,-0.92,16.98,0,0,5,Duduk Terlalu Maju
08:44:31.452,duduk_maju,74,15.33,-1.68,-0.75,16.74,0,0,5,Duduk Terlalu Maju
08:44:31.554,duduk_maju,74,15.11,-1.66,-0.72,16.75,0,0,5,Duduk Terlalu Maju
08:44:31.656,duduk_maju,74,14.88,-1.62,-0.64,16.69,0,0,5,Duduk Terlalu Maju
08:44:31.759,duduk_maju,74,14.88,-1.59,-0.67,16.71,0,0,5,Duduk Terlalu Maju
08:44:31.861,duduk_maju,74,15.11,-1.61,-0.74,16.80,0,0,5,Duduk Terlalu Maju
08:44:31.963,duduk_maju,74,15.33,-1.66,-0.83,16.87,0,0,5,Duduk Terlalu Maju
08:44:32.065,duduk_maju,74,15.50,-1.71,-0.91,17.04,0,0,5,Duduk Terlalu Maju
08:44:32.167,duduk_maju,74,15.71,-1.78,-0.99,17.26,0,0,5,Duduk Terlalu Maju
08:44:32.270,duduk_maju,74,15.76,-1.69,-1.10,17.28,0,0,5,Duduk Terlalu Maju
08:44:32.372,duduk_maju,74,15.63,-1.47,-0.99,17.15,0,0,5,Duduk Terlalu Maju
08:44:32.474,duduk_maju,74,15.55,-1.32,-0.73,17.18,0,0,5,Duduk Terlalu Maju
08:44:32.576,duduk_maju,74,15.18,-1.17,-0.39,16.93,0,0,5,Duduk Terlalu Maju
08:44:32.678,duduk_maju,74,14.72,-0.95,0.04,16.49,0,0,5,Duduk Terlalu Maju
08:44:32.781,duduk_maju,74,14.35,-0.63,0.42,15.85,0,0,5,Duduk Terlalu Maju
08:44:32.883,duduk_maju,74,14.16,-0.25,0.76,14.92,0,0,5,Duduk Terlalu Maju
08:44:32.985,duduk_maju,74,14.05,-0.04,1.04,14.71,0,0,5,Duduk Terlalu Maju
08:44:33.087,duduk_maju,74,14.13,0.12,1.32,14.77,0,0,5,Duduk Terlalu Maju
08:44:33.190,duduk_maju,74,14.47,0.32,1.47,14.73,0,0,5,Duduk Terlalu Maju
08:44:33.292,duduk_maju,74,14.74,0.62,1.64,14.79,0,0,5,Duduk Terlalu Maju
08:44:33.394,duduk_maju,74,15.14,0.94,1.72,15.04,0,0,5,Duduk Terlalu Maju
08:44:33.496,duduk_maju,74,15.26,1.46,1.70,14.80,0,0,5,Duduk Terlalu Maju
08:44:33.598,duduk_maju,74,15.34,1.57,1.68,14.70,0,0,5,Duduk Terlalu Maju
08:44:33.701,duduk_maju,74,15.64,1.59,1.68,14.77,0,0,5,Duduk Terlalu Maju
08:44:33.803,duduk_maju,74,15.58,1.55,1.68,14.67,0,0,5,Duduk Terlalu Maju
08:44:33.905,duduk_maju,74,15.56,1.46,1.72,14.67,0,0,5,Duduk Terlalu Maju
08:44:34.007,duduk_maju,74,15.67,1.35,1.80,14.83,0,0,5,Duduk Terlalu Maju
08:44:34.110,duduk_maju,74,15.84,1.22,1.86,15.07,0,0,5,Duduk Terlalu Maju
08:44:34.212,duduk_maju,74,16.06,1.12,1.71,15.36,0,0,5,Duduk Terlalu Maju
08:44:34.314,duduk_maju,74,15.96,0.90,1.63,15.71,0,0,5,Duduk Terlalu Maju
08:44:34.416,duduk_maju,74,15.93,0.65,1.54,16.09,0,0,5,Duduk Terlalu Maju
08:44:34.519,duduk_maju,74,15.81,0.46,1.36,16.22,0,0,5,Duduk Terlalu Maju
08:44:34.621,duduk_maju,74,15.57,0.18,1.15,16.30,0,0,5,Duduk Terlalu Maju
08:44:34.723,duduk_maju,74,15.30,-0.11,0.85,16.29,0,0,5,Duduk Terlalu Maju
08:44:34.825,duduk_maju,74,15.14,-0.40,0.53,16.46,0,0,5,Duduk Terlalu Maju
08:44:34.928,duduk_maju,74,15.28,-0.76,0.26,16.78,0,0,5,Duduk Terlalu Maju
08:44:35.030,duduk_maju,74,15.51,-1.09,-0.06,17.10,0,0,5,Duduk Terlalu Maju
08:44:35.132,duduk_maju,74,15.67,-1.43,-0.39,17.27,0,0,5,Duduk Terlalu Maju
08:44:35.234,duduk_maju,74,15.99,-1.52,-0.87,17.38,0,0,5,Duduk Terlalu Maju
08:44:35.337,duduk_maju,74,16.47,-1.47,-1.03,17.34,0,0,5,Duduk Terlalu Maju
08:44:35.439,duduk_maju,74,16.38,-1.47,-1.07,17.13,0,0,5,Duduk Terlalu Maju
08:44:35.541,duduk_maju,74,15.92,-1.37,-1.08,16.71,0,0,5,Duduk Terlalu Maju
08:44:35.643,duduk_maju,74,15.81,-1.59,-0.90,16.69,0,0,5,Duduk Terlalu Maju
08:44:35.746,duduk_maju,74,15.65,-1.74,-0.91,16.60,0,0,5,Duduk Terlalu Maju
08:44:35.848,duduk_maju,74,15.35,-1.73,-0.86,16.30,0,0,5,Duduk Terlalu Maju
08:44:35.950,duduk_maju,74,15.32,-1.65,-0.77,16.30,0,0,5,Duduk Terlalu Maju
08:44:36.052,duduk_maju,74,15.20,-1.49,-0.76,16.23,0,0,5,Duduk Terlalu Maju
08:44:36.155,duduk_maju,74,15.13,-1.39,-0.77,16.15,0,0,5,Duduk Terlalu Maju
08:44:36.257,duduk_maju,74,15.31,-1.36,-0.83,16.25,0,0,5,Duduk Terlalu Maju
08:44:36.359,duduk_maju,74,15.47,-1.40,-0.95,16.31,0,0,5,Duduk Terlalu Maju
08:44:36.461,duduk_maju,74,15.56,-1.42,-0.99,16.41,0,0,5,Duduk Terlalu Maju
08:44:36.563,duduk_maju,74,15.42,-1.37,-0.88,16.59,0,0,5,Duduk Terlalu Maju
08:44:36.666,duduk_maju,74,15.16,-1.32,-0.77,16.57,0,0,5,Duduk Terlalu Maju
08:44:36.768,duduk_maju,74,15.16,-1.30,-0.73,16.53,0,0,5,Duduk Terlalu Maju
08:44:36.870,duduk_maju,74,15.28,-1.28,-0.76,16.58,0,0,5,Duduk Terlalu Maju
08:44:36.973,duduk_maju,74,15.26,-1.26,-0.79,16.39,0,0,5,Duduk Terlalu Maju
08:44:37.075,duduk_maju,74,15.37,-1.26,-0.81,16.49,0,0,5,Duduk Terlalu Maju
08:44:37.177,duduk_maju,74,15.42,-1.26,-0.83,16.50,0,0,5,Duduk Terlalu Maju
08:44:37.279,duduk_maju,74,15.38,-1.26,-0.81,16.54,0,0,5,Duduk Terlalu Maju
08:44:42.398,duduk_maju,74,15.40,-1.27,-0.80,16.59,0,0,5,Duduk Terlalu Maju
08:44:42.404,duduk_maju,74,15.37,-1.35,-0.83,16.55,0,0,5,Duduk Terlalu Maju
08:44:42.405,duduk_maju,74,15.39,-1.37,-0.86,16.58,0,0,5,Duduk Terlalu Maju
08:44:42.406,duduk_maju,74,15.47,-1.42,-0.87,16.66,0,0,5,Duduk Terlalu Maju
08:44:42.408,duduk_maju,74,15.54,-1.61,-1.01,16.77,0,0,5,Duduk Terlalu Maju
08:44:42.409,duduk_maju,74,16.16,-2.11,-1.30,17.50,0,0,5,Duduk Terlalu Maju
08:44:42.410,duduk_maju,74,18.35,-2.42,-1.35,19.60,0,0,5,Duduk Terlalu Maju
08:44:42.412,duduk_maju,74,20.42,-2.33,-1.32,21.63,0,0,5,Duduk Terlalu Maju
08:44:42.413,duduk_maju,74,19.40,-2.27,-1.09,21.07,0,0,5,Duduk Terlalu Maju
08:44:42.414,duduk_maju,74,16.75,-1.99,-0.86,18.25,0,0,5,Duduk Terlalu Maju
08:44:42.415,duduk_maju,74,15.73,-1.40,-0.26,14.57,0,0,5,Duduk Terlalu Maju
08:44:42.416,duduk_maju,74,16.45,-1.50,0.24,14.28,0,0,5,Duduk Terlalu Maju
08:44:42.418,duduk_maju,74,16.58,-0.92,0.66,12.88,0,0,5,Duduk Terlalu Maju
08:44:42.419,duduk_maju,74,14.89,-0.67,1.16,10.65,0,0,5,Duduk Terlalu Maju
08:44:42.422,duduk_maju,74,12.77,-0.74,2.21,9.66,0,0,5,Duduk Terlalu Maju
08:44:42.424,duduk_maju,74,11.62,-0.52,3.30,9.08,0,0,5,Duduk Terlalu Maju
08:44:42.425,duduk_maju,74,11.02,0.40,3.93,8.50,0,0,5,Duduk Terlalu Maju
08:44:42.427,duduk_maju,74,10.97,1.28,4.43,8.18,0,0,5,Duduk Terlalu Maju
08:44:42.429,duduk_maju,74,10.30,1.47,4.01,6.95,0,0,5,Duduk Terlalu Maju
08:44:42.430,duduk_maju,74,9.07,1.05,3.66,5.52,0,0,5,Duduk Terlalu Maju
08:44:42.432,duduk_maju,74,9.66,1.23,3.51,6.52,0,0,5,Duduk Terlalu Maju
08:44:42.435,duduk_maju,74,12.49,1.26,2.83,9.21,0,0,5,Duduk Terlalu Maju
08:44:42.436,duduk_maju,74,13.94,1.13,1.98,9.72,0,0,5,Duduk Terlalu Maju
08:44:42.437,duduk_maju,74,13.51,1.02,1.51,8.67,0,0,5,Duduk Terlalu Maju
08:44:42.440,duduk_maju,74,11.99,1.04,1.59,9.27,0,0,5,Duduk Terlalu Maju
08:44:42.441,duduk_maju,74,11.00,1.48,1.71,9.91,0,0,5,Duduk Terlalu Maju
08:44:42.442,duduk_maju,74,11.31,1.48,1.54,10.13,0,0,5,Duduk Terlalu Maju
08:44:42.443,duduk_maju,74,12.12,1.48,1.43,10.22,0,0,5,Duduk Terlalu Maju
08:44:42.445,duduk_maju,74,12.67,1.39,1.35,10.49,0,0,5,Duduk Terlalu Maju
08:44:42.446,duduk_maju,74,12.85,1.27,1.38,10.54,0,0,5,Duduk Terlalu Maju
08:44:42.447,duduk_maju,74,12.84,1.08,1.44,10.94,0,0,5,Duduk Terlalu Maju
08:44:42.448,duduk_maju,74,13.07,0.91,1.51,11.90,0,0,5,Duduk Terlalu Maju
08:44:42.449,duduk_maju,74,12.85,0.71,1.44,12.00,0,0,5,Duduk Terlalu Maju
08:44:42.451,duduk_maju,74,12.48,0.59,1.27,11.87,0,0,5,Duduk Terlalu Maju
08:44:42.452,duduk_maju,74,12.69,0.45,1.12,11.96,0,0,5,Duduk Terlalu Maju
08:44:42.453,duduk_maju,74,12.67,0.37,1.02,11.90,0,0,5,Duduk Terlalu Maju
08:44:42.454,duduk_maju,74,12.69,0.37,1.04,11.85,0,0,5,Duduk Terlalu Maju
08:44:42.455,duduk_maju,74,12.57,0.38,1.04,11.68,0,0,5,Duduk Terlalu Maju
08:44:42.458,duduk_maju,74,12.50,0.42,1.08,11.47,0,0,5,Duduk Terlalu Maju
08:44:42.459,duduk_maju,74,12.47,0.50,1.23,11.47,0,0,5,Duduk Terlalu Maju
08:44:42.460,duduk_maju,74,12.37,0.63,1.39,11.49,0,0,5,Duduk Terlalu Maju
08:44:42.461,duduk_maju,74,12.24,0.67,1.48,11.46,0,0,5,Duduk Terlalu Maju
08:44:42.462,duduk_maju,74,12.25,0.70,1.49,11.47,0,0,5,Duduk Terlalu Maju
08:44:42.463,duduk_maju,74,12.33,0.71,1.46,11.46,0,0,5,Duduk Terlalu Maju
08:44:42.464,duduk_maju,74,12.35,0.70,1.43,11.39,0,0,5,Duduk Terlalu Maju
08:44:42.465,duduk_maju,74,12.34,0.68,1.43,11.41,0,0,5,Duduk Terlalu Maju
08:44:42.466,duduk_maju,74,12.27,0.65,1.44,11.47,0,0,5,Duduk Terlalu Maju
08:44:42.467,duduk_maju,74,12.21,0.62,1.46,11.52,0,0,5,Duduk Terlalu Maju
08:44:42.468,duduk_maju,74,12.20,0.61,1.45,11.58,0,0,5,Duduk Terlalu Maju
08:44:42.470,duduk_maju,74,12.19,0.61,1.42,11.57,0,0,5,Duduk Terlalu Maju
08:44:42.493,duduk_maju,74,12.25,0.63,1.41,11.50,0,0,5,Duduk Terlalu Maju
08:44:42.596,duduk_maju,74,12.29,0.64,1.40,11.47,0,0,5,Duduk Terlalu Maju
08:44:42.698,duduk_maju,74,12.24,0.66,1.41,11.44,0,0,5,Duduk Terlalu Maju
08:44:42.800,duduk_maju,74,12.25,0.66,1.41,11.47,0,0,5,Duduk Terlalu Maju
08:44:42.902,duduk_maju,74,12.22,0.65,1.39,11.44,0,0,5,Duduk Terlalu Maju
08:44:43.005,duduk_maju,74,12.19,0.63,1.39,11.45,0,0,5,Duduk Terlalu Maju
08:44:43.107,duduk_maju,74,12.20,0.63,1.39,11.49,0,0,5,Duduk Terlalu Maju
08:44:43.209,duduk_maju,74,12.17,0.63,1.38,11.46,0,0,5,Duduk Terlalu Maju
08:44:43.311,duduk_maju,74,12.19,0.62,1.38,11.48,0,0,5,Duduk Terlalu Maju
08:44:43.413,duduk_maju,74,12.19,0.61,1.38,11.49,0,0,5,Duduk Terlalu Maju
08:44:43.515,duduk_maju,74,12.14,0.61,1.39,11.46,0,0,5,Duduk Terlalu Maju
08:44:43.618,duduk_maju,74,12.17,0.61,1.40,11.51,0,0,5,Duduk Terlalu Maju
08:44:43.720,duduk_maju,74,12.15,0.61,1.40,11.50,0,0,5,Duduk Terlalu Maju
08:44:43.822,duduk_maju,74,12.16,0.61,1.40,11.46,0,0,5,Duduk Terlalu Maju
08:44:43.924,duduk_maju,74,12.19,0.62,1.40,11.47,0,0,5,Duduk Terlalu Maju
08:44:44.027,duduk_maju,74,12.13,0.62,1.41,11.44,0,0,5,Duduk Terlalu Maju
08:44:44.129,duduk_maju,74,12.12,0.62,1.42,11.49,0,0,5,Duduk Terlalu Maju
08:44:44.231,duduk_maju,74,12.15,0.63,1.42,11.46,0,0,5,Duduk Terlalu Maju
08:44:44.333,duduk_maju,74,12.11,0.64,1.42,11.42,0,0,5,Duduk Terlalu Maju
08:44:44.436,duduk_maju,74,12.15,0.64,1.43,11.45,0,0,5,Duduk Terlalu Maju
08:44:44.539,duduk_maju,74,12.15,0.66,1.42,11.42,0,0,5,Duduk Terlalu Maju
08:44:44.640,duduk_maju,74,12.11,0.65,1.43,11.38,0,0,5,Duduk Terlalu Maju
08:44:44.742,duduk_maju,74,12.14,0.66,1.44,11.40,0,0,5,Duduk Terlalu Maju
08:44:44.845,duduk_maju,74,12.12,0.67,1.44,11.36,0,0,5,Duduk Terlalu Maju
08:44:44.947,duduk_maju,74,12.08,0.68,1.45,11.34,0,0,5,Duduk Terlalu Maju
08:44:45.049,duduk_maju,74,12.13,0.68,1.43,11.37,0,0,5,Duduk Terlalu Maju
08:44:45.152,duduk_maju,74,12.12,0.68,1.41,11.35,0,0,5,Duduk Terlalu Maju
08:44:45.254,duduk_maju,74,12.11,0.67,1.42,11.36,0,0,5,Duduk Terlalu Maju
08:44:45.356,duduk_maju,74,12.13,0.68,1.44,11.36,0,0,5,Duduk Terlalu Maju
08:44:45.458,duduk_maju,74,12.09,0.67,1.45,11.35,0,0,5,Duduk Terlalu Maju
08:44:45.560,duduk_maju,74,12.07,0.67,1.45,11.38,0,0,5,Duduk Terlalu Maju
08:44:45.663,duduk_maju,74,12.09,0.67,1.43,11.38,0,0,5,Duduk Terlalu Maju
08:44:45.765,duduk_maju,74,12.08,0.65,1.40,11.36,0,0,5,Duduk Terlalu Maju
08:44:45.867,duduk_maju,74,12.07,0.67,1.41,11.37,0,0,5,Duduk Terlalu Maju
08:44:45.970,duduk_maju,74,12.10,0.66,1.43,11.39,0,0,5,Duduk Terlalu Maju
08:44:46.072,duduk_maju,74,12.08,0.64,1.41,11.35,0,0,5,Duduk Terlalu Maju
08:44:46.174,duduk_maju,74,12.03,0.62,1.38,11.36,0,0,5,Duduk Terlalu Maju
08:44:46.276,duduk_maju,74,12.05,0.62,1.35,11.31,0,0,5,Duduk Terlalu Maju
08:44:46.378,duduk_maju,74,11.96,0.62,1.32,11.23,0,0,5,Duduk Terlalu Maju
08:44:46.480,duduk_maju,74,11.87,0.63,1.33,11.11,0,0,5,Duduk Terlalu Maju
08:44:46.583,duduk_maju,74,11.78,0.65,1.37,10.91,0,0,5,Duduk Terlalu Maju
08:44:46.685,duduk_maju,74,11.64,0.73,1.42,10.63,0,0,5,Duduk Terlalu Maju
08:44:46.787,duduk_maju,74,11.57,0.85,1.50,10.36,0,0,5,Duduk Terlalu Maju
08:44:46.889,duduk_maju,74,11.45,1.03,1.60,10.06,0,0,5,Duduk Terlalu Maju
08:44:46.992,duduk_maju,74,11.07,1.21,1.71,9.60,0,0,5,Duduk Terlalu Maju
08:44:47.094,duduk_maju,74,10.66,1.41,1.91,9.20,0,0,5,Duduk Terlalu Maju
08:44:47.196,duduk_maju,74,10.16,1.61,2.17,8.79,0,0,5,Duduk Terlalu Maju
08:44:47.298,duduk_maju,74,9.52,1.82,2.43,8.24,0,0,5,Duduk Terlalu Maju
08:44:47.400,duduk_maju,74,8.98,2.03,2.72,7.93,0,0,5,Duduk Terlalu Maju
08:44:47.503,duduk_maju,74,8.54,2.21,2.98,7.80,0,0,5,Duduk Terlalu Maju
08:44:47.605,duduk_maju,74,8.34,2.32,3.18,7.65,0,0,5,Duduk Terlalu Maju
08:44:47.707,duduk_maju,74,8.31,2.51,3.34,7.71,0,0,5,Duduk Terlalu Maju
08:44:47.810,duduk_maju,74,8.05,2.59,3.36,7.66,0,0,5,Duduk Terlalu Maju
08:44:47.912,duduk_maju,74,8.23,2.55,3.30,7.67,0,0,5,Duduk Terlalu Maju
08:44:48.014,duduk_maju,74,8.70,2.42,3.10,8.67,0,0,5,Duduk Terlalu Maju
08:44:48.116,duduk_maju,74,9.35,2.16,2.75,9.31,0,0,5,Duduk Terlalu Maju
08:44:48.219,duduk_maju,74,9.99,1.79,2.40,9.99,0,0,5,Duduk Terlalu Maju
08:44:48.321,duduk_maju,74,10.59,1.37,2.06,10.77,0,0,5,Duduk Terlalu Maju
08:44:48.423,duduk_maju,74,11.03,0.97,1.73,11.32,0,0,5,Duduk Terlalu Maju
08:44:48.525,duduk_maju,74,11.34,0.63,1.46,11.73,0,0,5,Duduk Terlalu Maju
08:44:48.628,duduk_maju,74,11.61,0.33,1.22,12.03,0,0,5,Duduk Terlalu Maju
08:44:48.730,duduk_maju,74,11.83,0.09,0.98,12.05,0,0,5,Duduk Terlalu Maju
08:44:48.832,duduk_maju,74,12.05,-0.13,0.76,11.91,0,0,5,Duduk Terlalu Maju
08:44:48.934,duduk_maju,74,12.33,-0.24,0.63,11.98,0,0,5,Duduk Terlalu Maju
08:44:49.037,duduk_maju,74,12.42,-0.32,0.57,12.03,0,0,5,Duduk Terlalu Maju
08:44:49.139,duduk_maju,74,12.33,-0.37,0.53,11.89,0,0,5,Duduk Terlalu Maju
08:44:49.241,duduk_maju,74,12.44,-0.38,0.52,11.81,0,0,5,Duduk Terlalu Maju
08:44:49.343,duduk_maju,74,12.56,-0.31,0.54,11.59,0,0,5,Duduk Terlalu Maju
08:44:49.446,duduk_maju,74,12.59,-0.15,0.59,11.56,0,0,5,Duduk Terlalu Maju
08:44:49.548,duduk_maju,74,12.63,-0.07,0.67,11.59,0,0,5,Duduk Terlalu Maju
08:44:49.650,duduk_maju,74,12.61,0.02,0.77,11.61,0,0,5,Duduk Terlalu Maju
08:44:49.752,duduk_maju,74,12.65,0.15,0.89,11.71,0,0,5,Duduk Terlalu Maju
08:44:49.855,duduk_maju,74,12.74,0.26,0.99,11.81,0,0,5,Duduk Terlalu Maju
08:44:49.957,duduk_maju,74,12.70,0.32,1.07,11.78,0,0,5,Duduk Terlalu Maju
08:44:50.059,duduk_maju,74,12.60,0.32,1.15,11.89,0,0,5,Duduk Terlalu Maju
08:44:50.161,duduk_maju,74,12.49,0.28,1.22,12.05,0,0,5,Duduk Terlalu Maju
08:44:50.263,duduk_maju,74,12.26,0.24,1.28,12.14,0,0,5,Duduk Terlalu Maju
08:44:50.366,duduk_maju,74,12.14,0.21,1.30,12.25,0,0,5,Duduk Terlalu Maju
08:44:50.468,duduk_maju,74,12.13,0.20,1.29,12.32,0,0,5,Duduk Terlalu Maju
08:44:50.570,duduk_maju,74,12.11,0.19,1.26,12.26,0,0,5,Duduk Terlalu Maju
08:44:50.672,duduk_maju,74,12.17,0.20,1.26,12.23,0,0,5,Duduk Terlalu Maju
08:44:50.775,duduk_maju,74,12.23,0.20,1.26,12.19,0,0,5,Duduk Terlalu Maju
08:44:50.877,duduk_maju,74,12.22,0.20,1.26,12.21,0,0,5,Duduk Terlalu Maju
08:44:50.979,duduk_maju,74,12.24,0.19,1.24,12.20,0,0,5,Duduk Terlalu Maju
08:44:51.081,duduk_maju,74,12.25,0.17,1.22,12.17,0,0,5,Duduk Terlalu Maju
08:44:51.184,duduk_maju,74,12.25,0.17,1.24,12.20,0,0,5,Duduk Terlalu Maju
08:44:51.286,duduk_maju,74,12.24,0.19,1.28,12.24,0,0,5,Duduk Terlalu Maju
08:44:51.388,duduk_maju,74,12.19,0.17,1.28,12.24,0,0,5,Duduk Terlalu Maju
08:44:51.491,duduk_maju,74,12.10,0.11,1.25,12.23,0,0,5,Duduk Terlalu Maju
08:44:51.593,duduk_maju,74,12.03,0.09,1.23,12.19,0,0,5,Duduk Terlalu Maju
08:44:51.695,duduk_maju,74,12.00,0.14,1.23,12.03,0,0,5,Duduk Terlalu Maju
08:44:51.797,duduk_maju,74,11.97,0.21,1.28,11.87,0,0,5,Duduk Terlalu Maju
08:44:51.899,duduk_maju,74,11.95,0.29,1.34,11.79,0,0,5,Duduk Terlalu Maju
08:44:52.001,duduk_maju,74,11.81,0.38,1.43,11.66,0,0,5,Duduk Terlalu Maju
08:44:52.104,duduk_maju,74,11.72,0.50,1.54,11.38,0,0,5,Duduk Terlalu Maju
08:44:52.206,duduk_maju,74,11.56,0.64,1.68,11.14,0,0,5,Duduk Terlalu Maju
08:44:52.308,duduk_maju,74,11.27,0.78,1.85,10.86,0,0,5,Duduk Terlalu Maju
08:44:52.411,duduk_maju,74,10.99,0.94,2.05,10.65,0,0,5,Duduk Terlalu Maju
08:44:52.513,duduk_maju,74,10.66,1.09,2.21,10.45,0,0,5,Duduk Terlalu Maju
08:44:52.615,duduk_maju,74,10.44,1.20,2.33,10.27,0,0,5,Duduk Terlalu Maju
08:44:52.717,duduk_maju,74,10.25,1.27,2.42,10.19,0,0,5,Duduk Terlalu Maju
08:44:52.820,duduk_maju,74,9.95,1.33,2.51,10.04,0,0,5,Duduk Terlalu Maju
08:44:52.921,duduk_maju,74,9.83,1.37,2.61,9.94,0,0,5,Duduk Terlalu Maju
08:44:53.024,duduk_maju,74,9.76,1.46,2.71,9.99,0,0,5,Duduk Terlalu Maju
08:44:53.126,duduk_maju,74,9.56,1.52,2.75,9.89,0,0,5,Duduk Terlalu Maju
08:44:53.229,duduk_maju,74,9.57,1.56,2.78,9.84,0,0,5,Duduk Terlalu Maju
08:44:53.331,duduk_maju,74,9.60,1.58,2.81,9.90,0,0,5,Duduk Terlalu Maju
08:44:53.433,duduk_maju,74,9.53,1.60,2.81,9.93,0,0,5,Duduk Terlalu Maju
08:44:53.535,duduk_maju,74,9.49,1.61,2.83,9.96,0,0,5,Duduk Terlalu Maju
08:44:53.638,duduk_maju,74,9.49,1.60,2.84,9.98,0,0,5,Duduk Terlalu Maju
08:44:53.739,duduk_maju,74,9.43,1.58,2.85,9.99,0,0,5,Duduk Terlalu Maju
08:44:53.842,duduk_maju,74,9.45,1.58,2.86,10.03,0,0,5,Duduk Terlalu Maju
08:44:53.944,duduk_maju,74,9.48,1.56,2.84,10.06,0,0,5,Duduk Terlalu Maju
08:44:54.046,duduk_maju,74,9.44,1.54,2.81,10.06,0,0,5,Duduk Terlalu Maju
08:44:54.149,duduk_maju,74,9.43,1.53,2.80,10.08,0,0,5,Duduk Terlalu Maju
08:44:54.251,duduk_maju,74,9.38,1.53,2.79,10.04,0,0,5,Duduk Terlalu Maju
08:44:54.353,duduk_maju,74,9.27,1.54,2.84,9.96,0,0,5,Duduk Terlalu Maju
08:44:54.455,duduk_maju,74,9.25,1.61,2.91,9.95,0,0,5,Duduk Terlalu Maju
08:44:54.558,duduk_maju,74,9.18,1.68,2.93,9.89,0,0,5,Duduk Terlalu Maju
08:44:54.660,duduk_maju,74,9.07,1.71,2.95,9.77,0,0,5,Duduk Terlalu Maju
08:44:54.762,duduk_maju,74,9.06,1.75,2.98,9.72,0,0,5,Duduk Terlalu Maju
08:44:54.864,duduk_maju,74,9.05,1.79,3.01,9.70,0,0,5,Duduk Terlalu Maju
08:44:54.966,duduk_maju,74,8.97,1.82,3.04,9.68,0,0,5,Duduk Terlalu Maju
08:44:55.069,duduk_maju,74,8.97,1.84,3.05,9.70,0,0,5,Duduk Terlalu Maju
08:44:55.171,duduk_maju,74,8.96,1.85,3.07,9.71,0,0,5,Duduk Terlalu Maju
08:44:55.273,duduk_maju,74,8.94,1.86,3.08,9.73,0,0,5,Duduk Terlalu Maju
08:45:01.736,duduk_maju,74,8.96,1.86,3.09,9.76,0,0,5,Duduk Terlalu Maju
08:45:01.740,duduk_maju,74,9.04,1.87,3.08,9.83,0,0,5,Duduk Terlalu Maju
08:45:01.742,duduk_maju,74,9.11,1.88,3.06,9.88,0,0,5,Duduk Terlalu Maju
08:45:01.744,duduk_maju,74,9.23,1.88,3.07,9.93,0,0,5,Duduk Terlalu Maju
08:45:01.745,duduk_maju,74,9.43,1.87,3.11,10.01,0,0,5,Duduk Terlalu Maju
08:45:01.747,duduk_maju,74,9.61,1.74,3.18,10.12,0,0,5,Duduk Terlalu Maju
08:45:01.748,duduk_maju,74,9.49,1.50,3.37,10.07,0,0,5,Duduk Terlalu Maju
08:45:01.749,duduk_maju,74,8.84,1.67,3.85,9.40,0,0,5,Duduk Terlalu Maju
08:45:01.750,duduk_maju,74,8.04,2.21,4.42,8.01,0,0,5,Duduk Terlalu Maju
08:45:01.754,duduk_maju,74,7.31,2.51,5.08,4.87,0,0,5,Duduk Terlalu Maju
08:45:01.755,duduk_maju,74,6.48,2.93,5.60,3.72,0,0,5,Duduk Terlalu Maju
08:45:01.759,duduk_maju,74,5.65,3.55,6.63,3.43,0,0,5,Duduk Terlalu Maju
08:45:01.761,duduk_maju,74,5.09,4.14,7.70,3.58,0,0,5,Duduk Terlalu Maju
08:45:01.762,duduk_maju,74,4.96,4.56,7.84,3.70,0,0,5,Duduk Terlalu Maju
08:45:01.763,duduk_maju,74,4.62,4.22,6.90,3.41,0,0,5,Duduk Terlalu Maju
08:45:01.764,duduk_maju,74,4.00,3.51,6.30,3.53,0,0,5,Duduk Terlalu Maju
08:45:01.765,duduk_maju,74,4.19,3.12,4.98,4.02,0,0,5,Duduk Terlalu Maju
08:45:01.766,duduk_maju,74,4.14,2.27,3.77,4.94,0,0,5,Duduk Terlalu Maju
08:45:01.767,duduk_maju,74,4.60,1.63,3.52,7.83,0,0,5,Duduk Terlalu Maju
08:45:01.769,duduk_maju,74,7.64,1.20,3.02,10.21,0,0,5,Duduk Terlalu Maju
08:45:01.769,duduk_maju,74,8.12,0.87,2.62,10.35,0,0,5,Duduk Terlalu Maju
08:45:01.771,duduk_maju,74,9.20,0.20,2.43,10.65,0,0,5,Duduk Terlalu Maju
08:45:01.772,duduk_maju,74,9.47,0.10,2.23,11.49,0,0,5,Duduk Terlalu Maju
08:45:01.773,duduk_maju,74,9.20,0.13,2.14,11.36,0,0,5,Duduk Terlalu Maju
08:45:01.774,duduk_maju,74,8.70,0.21,2.20,10.86,0,0,5,Duduk Terlalu Maju
08:45:01.775,duduk_maju,74,8.25,0.46,2.23,9.92,0,0,5,Duduk Terlalu Maju
08:45:01.777,duduk_maju,74,8.44,0.78,2.25,9.43,0,0,5,Duduk Terlalu Maju
08:45:01.779,duduk_maju,74,8.63,0.91,2.19,9.08,0,0,5,Duduk Terlalu Maju
08:45:01.781,duduk_maju,74,8.50,0.82,2.12,8.60,0,0,5,Duduk Terlalu Maju
08:45:01.781,duduk_maju,74,8.63,0.71,2.16,8.47,0,0,5,Duduk Terlalu Maju
08:45:01.782,duduk_maju,74,8.87,0.62,2.34,8.74,0,0,5,Duduk Terlalu Maju
08:45:01.783,duduk_maju,74,8.80,0.58,2.47,9.06,0,0,5,Duduk Terlalu Maju
08:45:01.787,duduk_maju,74,8.47,0.56,2.58,9.19,0,0,5,Duduk Terlalu Maju
08:45:01.788,duduk_maju,74,8.33,0.52,2.68,9.39,0,0,5,Duduk Terlalu Maju
08:45:01.789,duduk_maju,74,8.31,0.56,2.69,9.56,0,0,5,Duduk Terlalu Maju
08:45:01.790,duduk_maju,74,8.30,0.61,2.67,9.36,0,0,5,Duduk Terlalu Maju
08:45:01.791,duduk_maju,74,8.43,0.60,2.61,9.34,0,0,5,Duduk Terlalu Maju
08:45:01.793,duduk_maju,74,8.52,0.60,2.51,9.30,0,0,5,Duduk Terlalu Maju
08:45:01.794,duduk_maju,74,8.60,0.62,2.44,9.32,0,0,5,Duduk Terlalu Maju
08:45:01.795,duduk_maju,74,8.64,0.64,2.42,9.34,0,0,5,Duduk Terlalu Maju
08:45:01.795,duduk_maju,74,8.59,0.63,2.44,9.32,0,0,5,Duduk Terlalu Maju
08:45:01.797,duduk_maju,74,8.57,0.63,2.49,9.35,0,0,5,Duduk Terlalu Maju
08:45:01.798,duduk_maju,74,8.57,0.64,2.53,9.36,0,0,5,Duduk Terlalu Maju
08:45:01.799,duduk_maju,74,8.54,0.65,2.53,9.34,0,0,5,Duduk Terlalu Maju
08:45:01.800,duduk_maju,74,8.56,0.65,2.51,9.35,0,0,5,Duduk Terlalu Maju
08:45:01.801,duduk_maju,74,8.61,0.68,2.48,9.35,0,0,5,Duduk Terlalu Maju
08:45:01.802,duduk_maju,74,8.65,0.70,2.47,9.31,0,0,5,Duduk Terlalu Maju
08:45:01.803,duduk_maju,74,8.71,0.71,2.45,9.34,0,0,5,Duduk Terlalu Maju
08:45:01.804,duduk_maju,74,8.72,0.71,2.44,9.34,0,0,5,Duduk Terlalu Maju
08:45:01.805,duduk_maju,74,8.73,0.70,2.46,9.36,0,0,5,Duduk Terlalu Maju
08:45:01.806,duduk_maju,74,8.71,0.70,2.47,9.32,0,0,5,Duduk Terlalu Maju
08:45:01.807,duduk_maju,74,8.68,0.69,2.48,9.31,0,0,5,Duduk Terlalu Maju
08:45:01.808,duduk_maju,74,8.72,0.71,2.49,9.32,0,0,5,Duduk Terlalu Maju
08:45:01.809,duduk_maju,74,8.71,0.73,2.48,9.28,0,0,5,Duduk Terlalu Maju
08:45:01.810,duduk_maju,74,8.70,0.75,2.48,9.28,0,0,5,Duduk Terlalu Maju
08:45:01.811,duduk_maju,74,8.72,0.75,2.47,9.29,0,0,5,Duduk Terlalu Maju
08:45:01.812,duduk_maju,74,8.67,0.71,2.44,9.29,0,0,5,Duduk Terlalu Maju
08:45:01.813,duduk_maju,74,8.65,0.64,2.43,9.35,0,0,5,Duduk Terlalu Maju
08:45:01.814,duduk_maju,74,8.66,0.59,2.42,9.39,0,0,5,Duduk Terlalu Maju
08:45:01.816,duduk_maju,74,8.66,0.58,2.39,9.34,0,0,5,Duduk Terlalu Maju
08:45:01.817,duduk_maju,74,8.71,0.61,2.35,9.29,0,0,5,Duduk Terlalu Maju
08:45:01.818,duduk_maju,74,8.76,0.60,2.33,9.26,0,0,5,Duduk Terlalu Maju
08:45:01.819,duduk_maju,74,8.76,0.60,2.32,9.23,0,0,5,Duduk Terlalu Maju
08:45:01.820,duduk_maju,74,8.77,0.63,2.32,9.25,0,0,5,Duduk Terlalu Maju
08:45:01.919,duduk_maju,74,8.81,0.63,2.31,9.22,0,0,5,Duduk Terlalu Maju
08:45:02.021,duduk_maju,74,8.79,0.63,2.30,9.22,0,0,5,Duduk Terlalu Maju
08:45:02.123,duduk_maju,74,8.80,0.63,2.29,9.23,0,0,5,Duduk Terlalu Maju
08:45:02.225,duduk_maju,74,8.80,0.61,2.29,9.24,0,0,5,Duduk Terlalu Maju
08:45:02.327,duduk_maju,74,8.77,0.59,2.29,9.25,0,0,5,Duduk Terlalu Maju
08:45:02.430,duduk_maju,74,8.77,0.59,2.31,9.30,0,0,5,Duduk Terlalu Maju
08:45:02.532,duduk_maju,74,8.78,0.62,2.33,9.28,0,0,5,Duduk Terlalu Maju
08:45:02.634,duduk_maju,74,8.75,0.65,2.35,9.26,0,0,5,Duduk Terlalu Maju
08:45:02.737,duduk_maju,74,8.77,0.67,2.35,9.27,0,0,5,Duduk Terlalu Maju
08:45:02.838,duduk_maju,74,8.75,0.66,2.36,9.26,0,0,5,Duduk Terlalu Maju
08:45:02.941,duduk_maju,74,8.70,0.62,2.35,9.25,0,0,5,Duduk Terlalu Maju
08:45:03.043,duduk_maju,74,8.71,0.62,2.37,9.25,0,0,5,Duduk Terlalu Maju
08:45:03.145,duduk_maju,74,8.67,0.62,2.39,9.24,0,0,5,Duduk Terlalu Maju
08:45:03.248,duduk_maju,74,8.66,0.66,2.43,9.21,0,0,5,Duduk Terlalu Maju
08:45:03.350,duduk_maju,74,8.68,0.72,2.45,9.18,0,0,5,Duduk Terlalu Maju
08:45:03.452,duduk_maju,74,8.66,0.72,2.43,9.17,0,0,5,Duduk Terlalu Maju
08:45:03.555,duduk_maju,74,8.64,0.68,2.41,9.17,0,0,5,Duduk Terlalu Maju
08:45:03.657,duduk_maju,74,8.62,0.64,2.39,9.12,0,0,5,Duduk Terlalu Maju
08:45:03.759,duduk_maju,74,8.65,0.63,2.41,9.12,0,0,5,Duduk Terlalu Maju
08:45:03.861,duduk_maju,74,8.62,0.64,2.42,9.03,0,0,5,Duduk Terlalu Maju
08:45:03.964,duduk_maju,74,8.59,0.63,2.40,8.93,0,0,5,Duduk Terlalu Maju
08:45:04.065,duduk_maju,74,8.58,0.62,2.36,8.85,0,0,5,Duduk Terlalu Maju
08:45:04.168,duduk_maju,74,8.57,0.62,2.32,8.73,0,0,5,Duduk Terlalu Maju
08:45:04.270,duduk_maju,74,8.54,0.64,2.31,8.58,0,0,5,Duduk Terlalu Maju
08:45:04.372,duduk_maju,74,8.49,0.68,2.34,8.39,0,0,5,Duduk Terlalu Maju
08:45:04.474,duduk_maju,74,8.39,0.73,2.41,8.10,0,0,5,Duduk Terlalu Maju
08:45:04.577,duduk_maju,74,8.17,0.77,2.53,7.86,0,0,5,Duduk Terlalu Maju
08:45:04.679,duduk_maju,74,7.82,0.90,2.73,7.47,0,0,5,Duduk Terlalu Maju
08:45:04.781,duduk_maju,74,7.14,1.14,2.91,6.79,0,0,5,Duduk Terlalu Maju
08:45:04.884,duduk_maju,74,6.47,1.32,3.07,6.32,0,0,5,Duduk Terlalu Maju
08:45:04.986,duduk_maju,74,6.14,1.45,3.12,6.04,0,0,5,Duduk Terlalu Maju
08:45:05.088,duduk_maju,74,5.91,1.50,3.09,5.84,0,0,5,Duduk Terlalu Maju
08:45:05.190,duduk_maju,74,5.80,1.51,3.12,5.85,0,0,5,Duduk Terlalu Maju
08:45:05.292,duduk_maju,74,5.58,1.51,3.23,5.83,0,0,5,Duduk Terlalu Maju
08:45:05.395,duduk_maju,74,5.30,1.53,3.36,5.79,0,0,5,Duduk Terlalu Maju
08:45:05.497,duduk_maju,74,5.10,1.60,3.40,5.70,0,0,5,Duduk Terlalu Maju
08:45:05.599,duduk_maju,74,5.03,1.63,3.39,5.61,0,0,5,Duduk Terlalu Maju
08:45:05.701,duduk_maju,74,5.03,1.61,3.36,5.61,0,0,5,Duduk Terlalu Maju
08:45:05.804,duduk_maju,74,5.08,1.60,3.35,5.58,0,0,5,Duduk Terlalu Maju
08:45:05.906,duduk_maju,74,5.12,1.56,3.40,5.80,0,0,5,Duduk Terlalu Maju
08:45:06.008,duduk_maju,74,5.13,1.54,3.41,5.82,0,0,5,Duduk Terlalu Maju
08:45:06.110,duduk_maju,74,5.14,1.53,3.42,5.93,0,0,5,Duduk Terlalu Maju
08:45:06.213,duduk_maju,74,5.19,1.54,3.43,5.97,0,0,5,Duduk Terlalu Maju
08:45:06.315,duduk_maju,74,5.20,1.53,3.41,5.99,0,0,5,Duduk Terlalu Maju
08:45:06.417,duduk_maju,74,5.23,1.52,3.36,5.98,0,0,5,Duduk Terlalu Maju
08:45:06.519,duduk_maju,74,5.29,1.52,3.35,6.04,0,0,5,Duduk Terlalu Maju
08:45:06.621,duduk_maju,74,5.36,1.53,3.35,6.08,0,0,5,Duduk Terlalu Maju
08:45:06.724,duduk_maju,74,5.36,1.54,3.37,6.09,0,0,5,Duduk Terlalu Maju
08:45:06.826,duduk_maju,74,5.38,1.54,3.36,6.12,0,0,5,Duduk Terlalu Maju
08:45:06.928,duduk_maju,74,5.43,1.53,3.33,6.17,0,0,5,Duduk Terlalu Maju
08:45:07.030,duduk_maju,74,5.49,1.52,3.35,6.25,0,0,5,Duduk Terlalu Maju
08:45:07.132,duduk_maju,74,5.50,1.53,3.40,6.32,0,0,5,Duduk Terlalu Maju
08:45:07.235,duduk_maju,74,5.50,1.53,3.43,6.53,0,0,5,Duduk Terlalu Maju
08:45:07.337,duduk_maju,74,5.54,1.53,3.42,6.67,0,0,5,Duduk Terlalu Maju
08:45:07.440,duduk_maju,74,5.68,1.53,3.41,6.93,0,0,5,Duduk Terlalu Maju
08:45:07.542,duduk_maju,74,5.99,1.51,3.36,7.26,0,0,5,Duduk Terlalu Maju
08:45:07.644,duduk_maju,74,6.52,1.46,3.27,7.75,0,0,5,Duduk Terlalu Maju
08:45:07.746,duduk_maju,74,7.29,1.40,3.12,8.34,0,0,5,Duduk Terlalu Maju
08:45:07.848,duduk_maju,74,7.96,1.32,2.91,8.92,0,0,5,Duduk Terlalu Maju
08:45:07.951,duduk_maju,74,8.66,1.24,2.71,9.55,0,0,5,Duduk Terlalu Maju
08:45:08.053,duduk_maju,74,9.26,1.11,2.55,10.04,0,0,5,Duduk Terlalu Maju
08:45:08.155,duduk_maju,74,9.52,0.92,2.33,10.36,0,0,5,Duduk Terlalu Maju
08:45:08.257,duduk_maju,74,10.17,0.73,2.15,10.57,0,0,5,Duduk Terlalu Maju
08:45:08.360,duduk_maju,74,10.31,0.56,2.06,10.83,0,0,5,Duduk Terlalu Maju
08:45:08.462,duduk_maju,74,10.46,0.42,1.99,11.06,0,0,5,Duduk Terlalu Maju
08:45:08.564,duduk_maju,74,10.81,0.34,1.94,11.34,0,0,5,Duduk Terlalu Maju
08:45:08.666,duduk_maju,74,11.35,0.25,1.85,12.15,0,0,5,Duduk Terlalu Maju
08:45:08.769,duduk_maju,74,11.98,0.17,1.75,12.61,0,0,5,Duduk Terlalu Maju
08:45:08.871,duduk_maju,74,12.76,0.08,1.66,13.34,0,0,5,Duduk Terlalu Maju
08:45:08.973,duduk_maju,74,13.46,-0.06,1.53,14.04,0,0,5,Duduk Terlalu Maju
08:45:09.075,duduk_maju,74,13.54,-0.24,1.38,14.02,0,0,5,Duduk Terlalu Maju
08:45:09.177,duduk_maju,74,13.68,-0.36,1.32,13.98,0,0,5,Duduk Terlalu Maju
08:45:09.280,duduk_maju,74,13.98,-0.42,1.36,14.18,0,0,5,Duduk Terlalu Maju
08:45:09.383,duduk_maju,74,14.32,-0.38,1.36,14.32,0,0,5,Duduk Terlalu Maju
08:45:09.484,duduk_maju,74,14.78,-0.47,1.22,14.56,0,0,5,Duduk Terlalu Maju
08:45:09.587,duduk_maju,74,15.18,-0.61,1.04,14.78,0,0,5,Duduk Terlalu Maju
08:45:09.689,duduk_maju,74,15.66,-0.76,0.86,15.09,0,0,5,Duduk Terlalu Maju
08:45:09.791,duduk_maju,74,16.06,-0.92,0.62,15.42,0,0,5,Duduk Terlalu Maju
08:45:09.893,duduk_maju,74,16.10,-1.12,0.38,15.52,0,0,5,Duduk Terlalu Maju
08:45:09.995,duduk_maju,74,16.02,-1.29,0.19,15.50,0,0,5,Duduk Terlalu Maju
08:45:10.098,duduk_maju,74,16.00,-1.42,0.06,15.42,0,0,5,Duduk Terlalu Maju
08:45:10.200,duduk_maju,74,15.90,-1.50,-0.05,15.17,0,0,5,Duduk Terlalu Maju
08:45:10.302,duduk_maju,74,15.70,-1.53,-0.07,14.89,0,0,5,Duduk Terlalu Maju
08:45:10.405,duduk_maju,74,15.60,-1.47,-0.02,14.79,0,0,5,Duduk Terlalu Maju
08:45:10.507,duduk_maju,74,15.42,-1.32,0.16,14.80,0,0,5,Duduk Terlalu Maju
08:45:10.609,duduk_maju,74,15.09,-1.10,0.42,14.72,0,0,5,Duduk Terlalu Maju
08:45:10.711,duduk_maju,74,14.71,-0.83,0.70,14.27,0,0,5,Duduk Terlalu Maju
08:45:10.813,duduk_maju,74,14.15,-0.55,0.99,13.66,0,0,5,Duduk Terlalu Maju
08:45:10.916,duduk_maju,74,13.19,-0.27,1.39,13.11,0,0,5,Duduk Terlalu Maju
08:45:11.018,duduk_maju,74,12.18,0.00,1.73,12.70,0,0,5,Duduk Terlalu Maju
08:45:11.120,duduk_maju,74,11.61,0.19,1.88,12.29,0,0,5,Duduk Terlalu Maju
08:45:11.223,duduk_maju,74,11.15,0.33,2.01,11.89,0,0,5,Duduk Terlalu Maju
08:45:11.324,duduk_maju,74,10.84,0.47,2.14,11.51,0,0,5,Duduk Terlalu Maju
08:45:11.427,duduk_maju,74,10.52,0.54,2.32,11.44,0,0,5,Duduk Terlalu Maju
08:45:11.529,duduk_maju,74,10.34,0.64,2.49,11.37,0,0,5,Duduk Terlalu Maju
08:45:11.631,duduk_maju,74,10.15,0.70,2.63,11.25,0,0,5,Duduk Terlalu Maju
08:45:11.733,duduk_maju,74,10.02,0.74,2.70,11.24,0,0,5,Duduk Terlalu Maju
08:45:11.836,duduk_maju,74,10.03,0.81,2.67,11.24,0,0,5,Duduk Terlalu Maju
08:45:11.938,duduk_maju,74,10.09,0.87,2.64,11.21,0,0,5,Duduk Terlalu Maju
08:45:12.040,duduk_maju,74,10.13,0.93,2.60,11.13,0,0,5,Duduk Terlalu Maju
08:45:12.143,duduk_maju,74,10.15,0.96,2.58,11.09,0,0,5,Duduk Terlalu Maju
08:45:12.245,duduk_maju,74,10.21,0.96,2.56,11.09,0,0,5,Duduk Terlalu Maju
08:45:12.347,duduk_maju,74,10.23,0.93,2.57,11.12,0,0,5,Duduk Terlalu Maju
08:45:12.449,duduk_maju,74,10.25,0.91,2.58,11.19,0,0,5,Duduk Terlalu Maju
08:45:12.551,duduk_maju,74,10.25,0.91,2.58,11.21,0,0,5,Duduk Terlalu Maju
08:45:12.654,duduk_maju,74,10.27,0.91,2.56,11.22,0,0,5,Duduk Terlalu Maju
08:45:12.756,duduk_maju,74,10.27,0.91,2.56,11.22,0,0,5,Duduk Terlalu Maju
08:45:12.858,duduk_maju,74,10.30,0.91,2.57,11.23,0,0,5,Duduk Terlalu Maju
08:45:12.960,duduk_maju,74,10.28,0.92,2.59,11.23,0,0,5,Duduk Terlalu Maju
08:45:13.062,duduk_maju,74,10.28,0.92,2.59,11.28,0,0,5,Duduk Terlalu Maju
08:45:13.165,duduk_maju,74,10.32,0.93,2.59,11.28,0,0,5,Duduk Terlalu Maju
08:45:13.267,duduk_maju,74,10.34,0.95,2.58,11.27,0,0,5,Duduk Terlalu Maju
08:45:13.369,duduk_maju,74,10.31,0.96,2.57,11.24,0,0,5,Duduk Terlalu Maju
08:45:13.471,duduk_maju,74,10.29,0.98,2.57,11.24,0,0,5,Duduk Terlalu Maju
08:45:13.574,duduk_maju,74,10.30,0.98,2.58,11.24,0,0,5,Duduk Terlalu Maju
08:45:13.676,duduk_maju,74,10.30,0.97,2.59,11.28,0,0,5,Duduk Terlalu Maju
08:45:13.778,duduk_maju,74,10.29,0.96,2.57,11.31,0,0,5,Duduk Terlalu Maju
08:45:13.880,duduk_maju,74,10.30,0.96,2.58,11.34,0,0,5,Duduk Terlalu Maju
08:45:13.983,duduk_maju,74,10.25,0.95,2.56,11.35,0,0,5,Duduk Terlalu Maju
08:45:14.085,duduk_maju,74,10.27,0.95,2.56,11.34,0,0,5,Duduk Terlalu Maju
08:45:14.187,duduk_maju,74,10.28,0.97,2.56,11.33,0,0,5,Duduk Terlalu Maju
08:45:14.290,duduk_maju,74,10.29,0.97,2.56,11.32,0,0,5,Duduk Terlalu Maju
08:45:14.392,duduk_maju,74,10.31,0.96,2.56,11.32,0,0,5,Duduk Terlalu Maju
08:45:14.494,duduk_maju,74,10.32,0.95,2.56,11.32,0,0,5,Duduk Terlalu Maju
08:45:14.596,duduk_maju,74,10.31,0.95,2.55,11.32,0,0,5,Duduk Terlalu Maju
08:45:14.698,duduk_maju,74,10.36,0.95,2.55,11.36,0,0,5,Duduk Terlalu Maju
08:45:14.800,duduk_maju,74,10.39,0.94,2.54,11.41,0,0,5,Duduk Terlalu Maju
08:45:14.903,duduk_maju,74,10.37,0.91,2.52,11.38,0,0,5,Duduk Terlalu Maju
08:45:15.005,duduk_maju,74,10.38,0.90,2.52,11.40,0,0,5,Duduk Terlalu Maju
08:45:15.107,duduk_maju,74,10.34,0.92,2.52,11.39,0,0,5,Duduk Terlalu Maju
08:45:15.209,duduk_maju,74,10.30,0.92,2.51,11.36,0,0,5,Duduk Terlalu Maju
08:45:15.312,duduk_maju,74,10.30,0.92,2.50,11.33,0,0,5,Duduk Terlalu Maju
08:45:15.414,duduk_maju,74,10.35,0.92,2.51,11.37,0,0,5,Duduk Terlalu Maju
08:45:15.516,duduk_maju,74,10.31,0.93,2.52,11.35,0,0,5,Duduk Terlalu Maju
08:45:15.619,duduk_maju,74,10.34,0.93,2.54,11.37,0,0,5,Duduk Terlalu Maju
08:45:15.721,duduk_maju,74,10.35,0.95,2.53,11.34,0,0,5,Duduk Terlalu Maju
08:45:15.823,duduk_maju,74,10.35,0.95,2.52,11.33,0,0,5,Duduk Terlalu Maju
08:45:15.925,duduk_maju,74,10.37,0.95,2.52,11.35,0,0,5,Duduk Terlalu Maju
08:45:16.027,duduk_maju,74,10.43,0.96,2.52,11.38,0,0,5,Duduk Terlalu Maju
08:45:16.130,duduk_maju,74,10.43,0.96,2.51,11.37,0,0,5,Duduk Terlalu Maju
08:45:16.232,duduk_maju,74,10.43,0.94,2.50,11.39,0,0,5,Duduk Terlalu Maju
08:45:16.334,duduk_maju,74,10.44,0.94,2.50,11.40,0,0,5,Duduk Terlalu Maju
08:45:16.436,duduk_maju,74,10.44,0.94,2.49,11.39,0,0,5,Duduk Terlalu Maju
08:45:16.539,duduk_maju,74,10.43,0.93,2.50,11.38,0,0,5,Duduk Terlalu Maju
08:45:16.641,duduk_maju,74,10.45,0.93,2.50,11.42,0,0,5,Duduk Terlalu Maju
08:45:16.743,duduk_maju,74,10.42,0.92,2.50,11.43,0,0,5,Duduk Terlalu Maju
08:45:16.845,duduk_maju,74,10.42,0.90,2.49,11.45,0,0,5,Duduk Terlalu Maju
08:45:16.948,duduk_maju,74,10.44,0.90,2.49,11.42,0,0,5,Duduk Terlalu Maju
08:45:17.050,duduk_maju,74,10.44,0.93,2.47,11.37,0,0,5,Duduk Terlalu Maju
08:45:17.152,duduk_maju,74,10.43,0.93,2.46,11.39,0,0,5,Duduk Terlalu Maju
08:45:17.254,duduk_maju,74,10.48,0.91,2.46,11.42,0,0,5,Duduk Terlalu Maju
08:45:17.356,duduk_maju,74,10.47,0.90,2.49,11.42,0,0,5,Duduk Terlalu Maju
08:45:17.459,duduk_maju,74,10.61,0.92,2.53,11.96,0,0,5,Duduk Terlalu Maju
08:45:17.561,duduk_maju,74,11.43,0.91,2.52,13.62,0,0,5,Duduk Terlalu Maju
08:45:17.663,duduk_maju,74,13.00,0.71,2.34,15.33,0,0,5,Duduk Terlalu Maju
08:45:17.766,duduk_maju,74,14.65,0.41,2.06,16.16,0,0,5,Duduk Terlalu Maju
08:45:17.868,duduk_maju,74,15.73,0.04,1.86,16.98,0,0,5,Duduk Terlalu Maju
08:45:17.970,duduk_maju,74,16.36,-0.27,1.66,17.87,0,0,5,Duduk Terlalu Maju
08:45:18.072,duduk_maju,74,17.25,-0.50,1.35,18.52,0,0,5,Duduk Terlalu Maju
08:45:18.174,duduk_maju,74,17.89,-0.78,0.98,18.64,0,0,5,Duduk Terlalu Maju
08:45:18.276,duduk_maju,74,18.66,-1.04,0.77,20.01,0,0,5,Duduk Terlalu Maju
08:45:18.379,duduk_maju,74,19.68,-1.29,0.63,20.96,0,0,5,Duduk Terlalu Maju
08:45:18.481,duduk_maju,74,20.26,-1.51,0.45,21.19,0,0,5,Duduk Terlalu Maju
08:45:18.583,duduk_maju,74,20.31,-1.67,0.24,20.87,0,0,5,Duduk Terlalu Maju
08:45:18.686,duduk_maju,74,20.14,-1.77,0.10,20.48,0,0,5,Duduk Terlalu Maju
08:45:18.788,duduk_maju,74,19.81,-1.82,0.04,20.34,0,0,5,Duduk Terlalu Maju
08:45:18.890,duduk_maju,74,19.73,-1.88,-0.05,20.38,0,0,5,Duduk Terlalu Maju
08:45:18.992,duduk_maju,74,20.03,-1.93,-0.09,20.64,0,0,5,Duduk Terlalu Maju
08:45:19.094,duduk_maju,74,20.38,-1.99,-0.13,21.05,0,0,5,Duduk Terlalu Maju
08:45:19.197,duduk_maju,74,21.01,-2.00,-0.19,21.30,0,0,5,Duduk Terlalu Maju
08:45:19.299,duduk_maju,74,20.98,-2.00,-0.13,21.53,0,0,5,Duduk Terlalu Maju
08:45:19.401,duduk_maju,74,21.00,-1.98,-0.02,21.89,0,0,5,Duduk Terlalu Maju
08:45:19.503,duduk_maju,74,20.95,-1.96,0.02,21.96,0,0,5,Duduk Terlalu Maju
08:45:19.606,duduk_maju,74,20.80,-1.93,0.04,21.67,0,0,5,Duduk Terlalu Maju
08:45:19.708,duduk_maju,74,20.85,-1.90,0.06,21.76,0,0,5,Duduk Terlalu Maju
08:45:19.810,duduk_maju,74,20.90,-1.89,0.08,21.68,0,0,5,Duduk Terlalu Maju
08:45:19.912,duduk_maju,74,20.72,-1.86,0.11,21.48,0,0,5,Duduk Terlalu Maju
08:45:20.015,duduk_maju,74,20.54,-1.84,0.09,21.37,0,0,5,Duduk Terlalu Maju
08:45:20.117,duduk_maju,74,20.62,-1.86,0.05,21.44,0,0,5,Duduk Terlalu Maju
08:45:20.219,duduk_maju,74,20.74,-1.89,0.05,21.60,0,0,5,Duduk Terlalu Maju
08:45:20.321,duduk_maju,74,20.64,-1.88,0.08,21.57,0,0,5,Duduk Terlalu Maju
08:45:20.424,duduk_maju,74,20.55,-1.83,0.11,21.39,0,0,5,Duduk Terlalu Maju
08:45:20.526,duduk_maju,74,20.62,-1.78,0.13,21.28,0,0,5,Duduk Terlalu Maju
08:45:20.628,duduk_maju,74,20.53,-1.73,0.17,21.14,0,0,5,Duduk Terlalu Maju
08:45:20.730,duduk_maju,74,20.36,-1.70,0.23,21.08,0,0,5,Duduk Terlalu Maju
08:45:20.832,duduk_maju,74,20.20,-1.66,0.30,21.13,0,0,5,Duduk Terlalu Maju
08:45:20.935,duduk_maju,74,19.85,-1.60,0.38,21.00,0,0,5,Duduk Terlalu Maju
08:45:21.037,duduk_maju,74,19.65,-1.52,0.48,20.72,0,0,5,Duduk Terlalu Maju
08:45:21.139,duduk_maju,74,19.48,-1.43,0.60,20.53,0,0,5,Duduk Terlalu Maju
08:45:21.241,duduk_maju,74,19.17,-1.32,0.74,20.19,0,0,5,Duduk Terlalu Maju
08:45:21.344,duduk_maju,74,18.83,-1.22,0.88,19.74,0,0,5,Duduk Terlalu Maju
08:45:21.446,duduk_maju,74,18.44,-1.08,1.02,19.39,0,0,5,Duduk Terlalu Maju
08:45:21.548,duduk_maju,74,18.46,-0.80,1.17,19.44,0,0,5,Duduk Terlalu Maju
08:45:21.650,duduk_maju,74,18.50,-0.75,1.30,19.22,0,0,5,Duduk Terlalu Maju
08:45:21.752,duduk_maju,74,17.72,-0.67,1.32,18.02,0,0,5,Duduk Terlalu Maju
08:45:21.855,duduk_maju,74,16.64,-0.57,1.38,16.66,0,0,5,Duduk Terlalu Maju
08:45:21.957,duduk_maju,74,15.83,-0.48,1.54,16.22,0,0,5,Duduk Terlalu Maju
08:45:22.060,duduk_maju,74,15.15,-0.42,1.59,15.91,0,0,5,Duduk Terlalu Maju
08:45:22.161,duduk_maju,74,14.71,-0.37,1.59,15.43,0,0,5,Duduk Terlalu Maju
08:45:22.264,duduk_maju,74,14.56,-0.30,1.62,15.14,0,0,5,Duduk Terlalu Maju
08:45:22.366,duduk_maju,74,14.34,-0.24,1.63,14.26,0,0,5,Duduk Terlalu Maju
08:45:22.469,duduk_maju,74,13.82,-0.22,1.64,13.86,0,0,5,Duduk Terlalu Maju
08:45:22.571,duduk_maju,74,13.61,-0.17,1.67,13.77,0,0,5,Duduk Terlalu Maju
08:45:22.673,duduk_maju,74,13.57,-0.12,1.70,13.72,0,0,5,Duduk Terlalu Maju
08:45:22.775,duduk_maju,74,13.44,-0.09,1.76,13.62,0,0,5,Duduk Terlalu Maju
08:45:22.877,duduk_maju,74,13.29,-0.06,1.82,13.47,0,0,5,Duduk Terlalu Maju
08:45:22.979,duduk_maju,74,13.04,-0.03,1.88,13.28,0,0,5,Duduk Terlalu Maju
08:45:23.082,duduk_maju,74,12.79,0.03,1.96,13.13,0,0,5,Duduk Terlalu Maju
08:45:23.184,duduk_maju,74,12.64,0.12,2.02,12.90,0,0,5,Duduk Terlalu Maju
08:45:23.286,duduk_maju,74,12.50,0.25,2.05,12.50,0,0,5,Duduk Terlalu Maju
08:45:23.388,duduk_maju,74,12.44,0.36,2.09,12.14,0,0,5,Duduk Terlalu Maju
08:45:23.490,duduk_maju,74,12.30,0.43,2.16,11.91,0,0,5,Duduk Terlalu Maju
08:45:23.593,duduk_maju,74,11.93,0.42,2.24,11.82,0,0,5,Duduk Terlalu Maju
08:45:23.695,duduk_maju,74,11.66,0.43,2.23,11.77,0,0,5,Duduk Terlalu Maju
08:45:23.797,duduk_maju,74,11.55,0.47,2.19,11.50,0,0,5,Duduk Terlalu Maju
08:45:23.900,duduk_maju,74,11.60,0.55,2.16,11.29,0,0,5,Duduk Terlalu Maju
08:45:24.001,duduk_maju,74,11.61,0.66,2.13,11.09,0,0,5,Duduk Terlalu Maju
08:45:24.104,duduk_maju,74,11.54,0.74,2.13,10.97,0,0,5,Duduk Terlalu Maju
08:45:24.206,duduk_maju,74,11.45,0.78,2.17,10.96,0,0,5,Duduk Terlalu Maju
08:45:24.309,duduk_maju,74,11.43,0.80,2.18,10.94,0,0,5,Duduk Terlalu Maju
08:45:24.411,duduk_maju,74,11.41,0.83,2.20,10.86,0,0,5,Duduk Terlalu Maju
08:45:24.513,duduk_maju,74,11.41,0.89,2.25,10.89,0,0,5,Duduk Terlalu Maju
08:45:24.615,duduk_maju,74,11.23,0.96,2.29,10.89,0,0,5,Duduk Terlalu Maju
08:45:24.717,duduk_maju,74,11.12,1.02,2.32,10.89,0,0,5,Duduk Terlalu Maju
08:45:24.820,duduk_maju,74,11.13,1.10,2.34,10.87,0,0,5,Duduk Terlalu Maju
08:45:24.922,duduk_maju,74,11.12,1.17,2.36,10.84,0,0,5,Duduk Terlalu Maju
08:45:25.024,duduk_maju,74,11.07,1.18,2.38,10.81,0,0,5,Duduk Terlalu Maju
08:45:25.126,duduk_maju,74,10.99,1.15,2.38,10.90,0,0,5,Duduk Terlalu Maju
08:45:25.229,duduk_maju,74,10.95,1.14,2.42,11.03,0,0,5,Duduk Terlalu Maju
08:45:25.332,duduk_maju,74,10.86,1.12,2.47,11.01,0,0,5,Duduk Terlalu Maju
08:45:25.433,duduk_maju,74,10.80,1.11,2.50,11.00,0,0,5,Duduk Terlalu Maju
08:45:25.535,duduk_maju,74,10.77,1.11,2.52,10.99,0,0,5,Duduk Terlalu Maju
08:45:25.638,duduk_maju,74,10.76,1.13,2.54,10.94,0,0,5,Duduk Terlalu Maju
08:45:25.740,duduk_maju,74,10.75,1.13,2.53,10.87,0,0,5,Duduk Terlalu Maju
08:45:25.842,duduk_maju,74,10.75,1.12,2.54,10.88,0,0,5,Duduk Terlalu Maju
08:45:25.944,duduk_maju,74,10.76,1.11,2.55,10.98,0,0,5,Duduk Terlalu Maju
08:45:26.047,duduk_maju,74,10.70,1.10,2.56,10.96,0,0,5,Duduk Terlalu Maju
08:45:26.149,duduk_maju,74,10.69,1.11,2.57,10.94,0,0,5,Duduk Terlalu Maju
08:45:26.251,duduk_maju,74,10.70,1.13,2.57,10.95,0,0,5,Duduk Terlalu Maju
08:45:26.353,duduk_maju,74,10.67,1.14,2.57,10.91,0,0,5,Duduk Terlalu Maju
08:45:26.455,duduk_maju,74,10.67,1.15,2.58,10.87,0,0,5,Duduk Terlalu Maju
08:45:26.558,duduk_maju,74,10.66,1.15,2.59,10.90,0,0,5,Duduk Terlalu Maju
08:45:26.660,duduk_maju,74,10.58,1.15,2.60,10.90,0,0,5,Duduk Terlalu Maju
08:45:26.762,duduk_maju,74,10.58,1.16,2.62,10.90,0,0,5,Duduk Terlalu Maju
08:45:26.864,duduk_maju,74,10.56,1.16,2.62,10.88,0,0,5,Duduk Terlalu Maju
08:45:26.966,duduk_maju,74,10.57,1.15,2.62,10.87,0,0,5,Duduk Terlalu Maju
08:45:27.069,duduk_maju,74,10.56,1.14,2.61,10.84,0,0,5,Duduk Terlalu Maju
08:45:27.171,duduk_maju,74,10.57,1.15,2.62,10.85,0,0,5,Duduk Terlalu Maju
08:45:27.273,duduk_maju,74,10.54,1.15,2.63,10.80,0,0,5,Duduk Terlalu Maju
08:45:27.375,duduk_maju,74,10.55,1.16,2.62,10.79,0,0,5,Duduk Terlalu Maju
08:45:27.478,duduk_maju,74,10.58,1.17,2.61,10.80,0,0,5,Duduk Terlalu Maju
08:45:27.580,duduk_maju,74,10.58,1.17,2.60,10.79,0,0,5,Duduk Terlalu Maju
08:45:27.682,duduk_maju,74,10.56,1.15,2.61,10.77,0,0,5,Duduk Terlalu Maju
08:45:27.785,duduk_maju,74,10.59,1.14,2.63,10.81,0,0,5,Duduk Terlalu Maju
08:45:27.886,duduk_maju,74,10.56,1.14,2.65,10.76,0,0,5,Duduk Terlalu Maju
08:45:27.989,duduk_maju,74,10.52,1.15,2.68,10.77,0,0,5,Duduk Terlalu Maju
08:45:28.091,duduk_maju,74,10.53,1.16,2.68,10.75,0,0,5,Duduk Terlalu Maju
08:45:28.193,duduk_maju,74,10.50,1.17,2.68,10.70,0,0,5,Duduk Terlalu Maju
08:45:28.295,duduk_maju,74,10.48,1.17,2.69,10.76,0,0,5,Duduk Terlalu Maju
08:45:28.398,duduk_maju,74,10.50,1.18,2.71,10.78,0,0,5,Duduk Terlalu Maju
08:45:28.500,duduk_maju,74,10.44,1.18,2.74,10.74,0,0,5,Duduk Terlalu Maju
08:45:28.602,duduk_maju,74,10.41,1.20,2.76,10.73,0,0,5,Duduk Terlalu Maju
08:45:28.705,duduk_maju,74,10.40,1.24,2.78,10.72,0,0,5,Duduk Terlalu Maju
08:45:28.807,duduk_maju,74,10.37,1.24,2.78,10.68,0,0,5,Duduk Terlalu Maju
08:45:28.909,duduk_maju,74,10.35,1.25,2.80,10.70,0,0,5,Duduk Terlalu Maju
08:45:29.013,duduk_maju,74,10.36,1.26,2.81,10.71,0,0,5,Duduk Terlalu Maju
08:45:29.113,duduk_maju,74,10.33,1.26,2.83,10.66,0,0,5,Duduk Terlalu Maju
08:45:29.216,duduk_maju,74,10.32,1.26,2.83,10.68,0,0,5,Duduk Terlalu Maju
08:45:29.319,duduk_maju,74,10.30,1.25,2.81,10.69,0,0,5,Duduk Terlalu Maju
08:45:29.420,duduk_maju,74,10.28,1.21,2.79,10.72,0,0,5,Duduk Terlalu Maju
08:45:29.522,duduk_maju,74,10.30,1.20,2.80,10.75,0,0,5,Duduk Terlalu Maju
08:45:29.625,duduk_maju,74,10.31,1.20,2.78,10.71,0,0,5,Duduk Terlalu Maju
08:45:29.727,duduk_maju,74,10.30,1.20,2.78,10.72,0,0,5,Duduk Terlalu Maju
08:45:29.829,duduk_maju,74,10.34,1.20,2.78,10.71,0,0,5,Duduk Terlalu Maju
08:45:29.931,duduk_maju,74,10.34,1.21,2.78,10.67,0,0,5,Duduk Terlalu Maju
08:45:30.033,duduk_maju,74,10.30,1.22,2.80,10.64,0,0,5,Duduk Terlalu Maju
08:45:30.136,duduk_maju,74,10.26,1.25,2.82,10.66,0,0,5,Duduk Terlalu Maju
08:45:30.238,duduk_maju,74,10.18,1.26,2.85,10.60,0,0,5,Duduk Terlalu Maju
08:45:30.340,duduk_maju,74,10.18,1.26,2.88,10.60,0,0,5,Duduk Terlalu Maju
08:45:30.442,duduk_maju,74,10.17,1.26,2.88,10.63,0,0,5,Duduk Terlalu Maju
08:45:30.545,duduk_maju,74,10.15,1.26,2.86,10.61,0,0,5,Duduk Terlalu Maju
08:45:30.647,duduk_maju,74,10.18,1.27,2.88,10.60,0,0,5,Duduk Terlalu Maju
08:45:30.749,duduk_maju,74,10.17,1.29,2.88,10.58,0,0,5,Duduk Terlalu Maju
08:45:30.851,duduk_maju,74,10.14,1.29,2.90,10.56,0,0,5,Duduk Terlalu Maju
08:45:30.954,duduk_maju,74,10.14,1.32,2.91,10.57,0,0,5,Duduk Terlalu Maju
08:45:31.056,duduk_maju,74,10.12,1.33,2.91,10.56,0,0,5,Duduk Terlalu Maju
08:45:31.158,duduk_maju,74,10.13,1.33,2.89,10.52,0,0,5,Duduk Terlalu Maju
08:45:31.261,duduk_maju,74,10.11,1.34,2.93,10.53,0,0,5,Duduk Terlalu Maju
08:45:31.363,duduk_maju,74,10.01,1.33,2.96,10.51,0,0,5,Duduk Terlalu Maju
08:45:31.465,duduk_maju,74,9.97,1.32,2.99,10.48,0,0,5,Duduk Terlalu Maju
08:45:31.567,duduk_maju,74,9.96,1.34,2.99,10.44,0,0,5,Duduk Terlalu Maju
08:45:31.669,duduk_maju,74,9.92,1.37,2.97,10.35,0,0,5,Duduk Terlalu Maju
08:45:31.772,duduk_maju,74,9.90,1.39,2.95,10.24,0,0,5,Duduk Terlalu Maju
08:45:31.874,duduk_maju,74,9.90,1.40,2.95,10.22,0,0,5,Duduk Terlalu Maju
08:45:31.976,duduk_maju,74,9.86,1.41,2.95,10.14,0,0,5,Duduk Terlalu Maju
08:45:32.079,duduk_maju,74,9.84,1.42,2.96,10.13,0,0,5,Duduk Terlalu Maju
08:45:32.181,duduk_maju,74,9.81,1.43,2.95,10.09,0,0,5,Duduk Terlalu Maju
08:45:32.283,duduk_maju,74,9.75,1.43,2.93,10.01,0,0,5,Duduk Terlalu Maju
08:45:32.385,duduk_maju,74,9.69,1.44,2.94,10.01,0,0,5,Duduk Terlalu Maju
08:45:32.487,duduk_maju,74,9.66,1.46,2.95,10.02,0,0,5,Duduk Terlalu Maju
08:45:32.589,duduk_maju,74,9.63,1.48,2.95,9.98,0,0,5,Duduk Terlalu Maju
08:45:32.691,duduk_maju,74,9.67,1.50,2.94,9.98,0,0,5,Duduk Terlalu Maju
08:45:32.794,duduk_maju,74,9.73,1.53,2.92,9.98,0,0,5,Duduk Terlalu Maju
08:45:32.896,duduk_maju,74,9.70,1.54,2.93,9.93,0,0,5,Duduk Terlalu Maju
08:45:32.998,duduk_maju,74,9.68,1.55,2.95,9.93,0,0,5,Duduk Terlalu Maju
08:45:33.100,duduk_maju,74,9.65,1.56,2.97,9.93,0,0,5,Duduk Terlalu Maju
08:45:33.203,duduk_maju,74,9.61,1.56,2.98,9.90,0,0,5,Duduk Terlalu Maju
08:45:33.305,duduk_maju,74,9.62,1.57,2.99,9.92,0,0,5,Duduk Terlalu Maju
08:45:33.407,duduk_maju,74,9.62,1.59,2.99,9.90,0,0,5,Duduk Terlalu Maju
08:45:33.509,duduk_maju,74,9.59,1.58,2.98,9.86,0,0,5,Duduk Terlalu Maju
08:45:33.612,duduk_maju,74,9.58,1.59,2.99,9.85,0,0,5,Duduk Terlalu Maju
08:45:33.714,duduk_maju,74,9.58,1.58,2.99,9.80,0,0,5,Duduk Terlalu Maju
08:45:33.816,duduk_maju,74,9.56,1.58,3.00,9.78,0,0,5,Duduk Terlalu Maju
08:45:33.918,duduk_maju,74,9.56,1.59,3.01,9.77,0,0,5,Duduk Terlalu Maju
08:45:34.021,duduk_maju,74,9.53,1.59,3.01,9.74,0,0,5,Duduk Terlalu Maju
08:45:34.123,duduk_maju,74,9.50,1.58,3.01,9.73,0,0,5,Duduk Terlalu Maju
08:45:34.225,duduk_maju,74,9.54,1.58,3.02,9.77,0,0,5,Duduk Terlalu Maju
08:45:34.327,duduk_maju,74,9.53,1.57,3.03,9.75,0,0,5,Duduk Terlalu Maju
08:45:34.429,duduk_maju,74,9.49,1.56,3.03,9.74,0,0,5,Duduk Terlalu Maju
08:45:34.532,duduk_maju,74,9.52,1.56,3.02,9.79,0,0,5,Duduk Terlalu Maju
08:45:34.634,duduk_maju,74,9.52,1.55,3.01,9.78,0,0,5,Duduk Terlalu Maju
08:45:34.737,duduk_maju,74,9.50,1.54,3.01,9.76,0,0,5,Duduk Terlalu Maju
08:45:34.838,duduk_maju,74,9.51,1.55,3.01,9.77,0,0,5,Duduk Terlalu Maju
08:45:34.941,duduk_maju,74,9.52,1.54,3.01,9.75,0,0,5,Duduk Terlalu Maju
08:45:35.043,duduk_maju,74,9.50,1.55,3.02,9.76,0,0,5,Duduk Terlalu Maju
08:45:35.145,duduk_maju,74,9.52,1.56,3.00,9.76,0,0,5,Duduk Terlalu Maju
08:45:35.247,duduk_maju,74,9.53,1.55,2.97,9.77,0,0,5,Duduk Terlalu Maju
08:45:35.350,duduk_maju,74,9.54,1.53,2.98,9.78,0,0,5,Duduk Terlalu Maju
08:45:35.452,duduk_maju,74,9.53,1.53,3.01,9.82,0,0,5,Duduk Terlalu Maju
08:45:35.554,duduk_maju,74,9.51,1.52,3.02,9.83,0,0,5,Duduk Terlalu Maju
08:45:35.656,duduk_maju,74,9.49,1.52,3.04,9.85,0,0,5,Duduk Terlalu Maju
08:45:35.759,duduk_maju,74,9.50,1.53,3.03,9.85,0,0,5,Duduk Terlalu Maju
08:45:35.861,duduk_maju,74,9.50,1.53,3.02,9.84,0,0,5,Duduk Terlalu Maju
08:45:35.963,duduk_maju,74,9.51,1.53,3.01,9.81,0,0,5,Duduk Terlalu Maju
08:45:36.065,duduk_maju,74,9.53,1.54,3.02,9.84,0,0,5,Duduk Terlalu Maju
08:45:36.167,duduk_maju,74,9.50,1.54,3.03,9.84,0,0,5,Duduk Terlalu Maju
08:45:36.270,duduk_maju,74,9.52,1.53,3.04,9.87,0,0,5,Duduk Terlalu Maju
08:45:36.372,duduk_maju,74,9.52,1.54,3.04,9.88,0,0,5,Duduk Terlalu Maju
08:45:36.474,duduk_maju,74,9.50,1.54,3.03,9.86,0,0,5,Duduk Terlalu Maju
08:45:36.576,duduk_maju,74,9.50,1.53,3.03,9.88,0,0,5,Duduk Terlalu Maju
08:45:36.679,duduk_maju,74,9.52,1.53,3.04,9.90,0,0,5,Duduk Terlalu Maju
08:45:36.781,duduk_maju,74,9.49,1.53,3.05,9.88,0,0,5,Duduk Terlalu Maju
08:45:36.883,duduk_maju,74,9.51,1.53,3.06,9.90,0,0,5,Duduk Terlalu Maju
08:45:36.985,duduk_maju,74,9.52,1.53,3.06,9.92,0,0,5,Duduk Terlalu Maju
08:45:37.088,duduk_maju,74,9.50,1.52,3.05,9.89,0,0,5,Duduk Terlalu Maju
08:45:37.190,duduk_maju,74,9.50,1.50,3.06,9.88,0,0,5,Duduk Terlalu Maju
08:45:37.292,duduk_maju,74,9.51,1.49,3.06,9.93,0,0,5,Duduk Terlalu Maju
08:45:37.394,duduk_maju,74,9.48,1.49,3.06,9.92,0,0,5,Duduk Terlalu Maju
08:45:37.497,duduk_maju,74,9.52,1.49,3.05,9.92,0,0,5,Duduk Terlalu Maju
08:45:37.599,duduk_maju,74,9.55,1.49,3.02,9.90,0,0,5,Duduk Terlalu Maju
08:45:37.701,duduk_maju,74,9.55,1.49,3.01,9.88,0,0,5,Duduk Terlalu Maju
08:45:37.803,duduk_maju,74,9.57,1.49,3.02,9.92,0,0,5,Duduk Terlalu Maju
08:45:37.905,duduk_maju,74,9.55,1.47,3.02,9.90,0,0,5,Duduk Terlalu Maju
08:45:38.008,duduk_maju,74,9.52,1.47,3.04,9.92,0,0,5,Duduk Terlalu Maju
08:45:38.110,duduk_maju,74,9.55,1.48,3.04,9.95,0,0,5,Duduk Terlalu Maju
08:45:38.212,duduk_maju,74,9.53,1.47,3.03,9.93,0,0,5,Duduk Terlalu Maju
08:45:38.314,duduk_maju,74,9.52,1.46,3.03,9.91,0,0,5,Duduk Terlalu Maju
08:45:38.417,duduk_maju,74,9.54,1.48,3.05,9.93,0,0,5,Duduk Terlalu Maju
08:45:38.519,duduk_maju,74,9.53,1.49,3.07,9.94,0,0,5,Duduk Terlalu Maju
08:45:38.621,duduk_maju,74,9.50,1.49,3.07,9.92,0,0,5,Duduk Terlalu Maju
08:45:38.723,duduk_maju,74,9.53,1.50,3.06,9.95,0,0,5,Duduk Terlalu Maju
08:45:38.826,duduk_maju,74,9.55,1.48,3.04,9.97,0,0,5,Duduk Terlalu Maju
08:45:38.928,duduk_maju,74,9.54,1.48,3.03,9.95,0,0,5,Duduk Terlalu Maju
08:45:39.030,duduk_maju,74,9.56,1.49,3.04,9.97,0,0,5,Duduk Terlalu Maju
08:45:39.132,duduk_maju,74,9.54,1.48,3.04,9.96,0,0,5,Duduk Terlalu Maju
08:45:39.235,duduk_maju,74,9.53,1.48,3.05,9.99,0,0,5,Duduk Terlalu Maju
08:45:39.337,duduk_maju,74,9.55,1.49,3.05,9.98,0,0,5,Duduk Terlalu Maju
08:45:39.439,duduk_maju,74,9.55,1.48,3.04,9.96,0,0,5,Duduk Terlalu Maju
08:45:39.541,duduk_maju,74,9.54,1.49,3.03,9.94,0,0,5,Duduk Terlalu Maju
08:45:39.644,duduk_maju,74,9.56,1.49,3.03,9.96,0,0,5,Duduk Terlalu Maju
08:45:39.746,duduk_maju,74,9.54,1.48,3.04,9.98,0,0,5,Duduk Terlalu Maju
08:45:39.848,duduk_maju,74,9.54,1.46,3.04,10.04,0,0,5,Duduk Terlalu Maju
08:45:39.950,duduk_maju,74,9.54,1.47,3.04,10.04,0,0,5,Duduk Terlalu Maju
08:45:40.053,duduk_maju,74,9.54,1.47,3.02,10.01,0,0,5,Duduk Terlalu Maju
08:45:40.155,duduk_maju,74,9.53,1.47,3.02,9.97,0,0,5,Duduk Terlalu Maju
08:45:40.257,duduk_maju,74,9.56,1.49,3.03,9.94,0,0,5,Duduk Terlalu Maju
08:45:40.360,duduk_maju,74,9.54,1.51,3.05,9.91,0,0,5,Duduk Terlalu Maju
08:45:40.461,duduk_maju,74,9.52,1.51,3.06,9.93,0,0,5,Duduk Terlalu Maju
08:45:40.564,duduk_maju,74,9.55,1.51,3.06,9.94,0,0,5,Duduk Terlalu Maju
08:45:40.666,duduk_maju,74,9.53,1.49,3.06,9.96,0,0,5,Duduk Terlalu Maju
08:45:40.768,duduk_maju,74,9.51,1.47,3.08,10.00,0,0,5,Duduk Terlalu Maju
08:45:40.871,duduk_maju,74,9.53,1.48,3.12,10.06,0,0,5,Duduk Terlalu Maju
08:45:40.973,duduk_maju,74,9.58,1.58,3.13,10.02,0,0,5,Duduk Terlalu Maju
08:45:41.075,duduk_maju,74,9.49,1.72,3.12,9.87,0,0,5,Duduk Terlalu Maju
08:45:41.178,duduk_maju,74,9.87,1.76,3.10,10.11,0,0,5,Duduk Terlalu Maju
08:45:41.280,duduk_maju,74,10.23,1.71,3.01,10.59,0,0,5,Duduk Terlalu Maju
08:45:41.382,duduk_maju,74,10.66,1.51,2.85,11.15,0,0,5,Duduk Terlalu Maju
08:45:41.484,duduk_maju,74,11.47,1.18,2.61,12.18,0,0,5,Duduk Terlalu Maju
08:45:41.586,duduk_maju,74,13.01,0.07,2.18,15.71,0,0,5,Duduk Terlalu Maju
08:45:41.689,duduk_maju,74,15.22,-0.50,1.71,17.91,0,0,5,Duduk Terlalu Maju
08:45:41.791,duduk_maju,74,16.93,-1.02,1.22,19.43,0,0,5,Duduk Terlalu Maju
08:45:41.893,duduk_maju,74,17.97,-1.46,0.71,20.19,0,0,5,Duduk Terlalu Maju
08:45:41.995,duduk_maju,74,18.35,-1.77,0.31,20.19,0,0,5,Duduk Terlalu Maju
08:45:42.098,duduk_maju,74,18.42,-1.98,0.03,19.93,0,0,5,Duduk Terlalu Maju
08:45:42.200,duduk_maju,74,18.33,-2.15,-0.14,19.85,0,0,5,Duduk Terlalu Maju
08:45:42.303,duduk_maju,74,18.01,-2.31,-0.24,19.88,0,0,5,Duduk Terlalu Maju
08:45:42.404,duduk_maju,74,17.38,-2.40,-0.29,19.56,0,0,5,Duduk Terlalu Maju
08:45:42.507,duduk_maju,74,17.05,-2.36,-0.25,19.14,0,0,5,Duduk Terlalu Maju
08:45:42.609,duduk_maju,74,17.00,-2.26,-0.10,19.09,0,0,5,Duduk Terlalu Maju
08:45:42.711,duduk_maju,74,16.71,-2.07,0.15,18.89,0,0,5,Duduk Terlalu Maju
08:45:42.814,duduk_maju,74,16.29,-1.78,0.54,18.52,0,0,5,Duduk Terlalu Maju
08:45:42.916,duduk_maju,74,15.82,-1.43,0.93,18.18,0,0,5,Duduk Terlalu Maju
08:45:43.018,duduk_maju,74,15.02,-1.05,1.32,16.48,0,0,5,Duduk Terlalu Maju
08:45:43.120,duduk_maju,74,14.40,-0.72,1.66,15.82,0,0,5,Duduk Terlalu Maju
08:45:43.222,duduk_maju,74,13.80,-0.45,1.96,15.15,0,0,5,Duduk Terlalu Maju
08:45:43.325,duduk_maju,74,13.22,-0.22,2.16,14.46,0,0,5,Duduk Terlalu Maju
08:45:43.427,duduk_maju,74,12.70,-0.01,2.32,13.94,0,0,5,Duduk Terlalu Maju
08:45:43.529,duduk_maju,74,12.47,0.19,2.41,13.66,0,0,5,Duduk Terlalu Maju
08:45:43.631,duduk_maju,74,12.29,0.34,2.47,13.42,0,0,5,Duduk Terlalu Maju
08:45:43.733,duduk_maju,74,11.98,0.40,2.46,13.06,0,0,5,Duduk Terlalu Maju
08:45:43.836,duduk_maju,74,11.87,0.47,2.47,12.84,0,0,5,Duduk Terlalu Maju
08:45:43.938,duduk_maju,74,11.79,0.54,2.53,12.78,0,0,5,Duduk Terlalu Maju
08:45:44.040,duduk_maju,74,11.75,0.60,2.53,12.70,0,0,5,Duduk Terlalu Maju
08:45:44.142,duduk_maju,74,11.76,0.65,2.57,12.65,0,0,5,Duduk Terlalu Maju
08:45:44.244,duduk_maju,74,11.78,0.71,2.64,12.67,0,0,5,Duduk Terlalu Maju
08:45:44.347,duduk_maju,74,11.68,0.72,2.68,12.54,0,0,5,Duduk Terlalu Maju
08:45:44.449,duduk_maju,74,11.59,0.72,2.72,12.66,0,0,5,Duduk Terlalu Maju
08:45:44.551,duduk_maju,74,11.58,0.69,2.72,12.76,0,0,5,Duduk Terlalu Maju
08:45:44.653,duduk_maju,74,11.56,0.66,2.71,12.84,0,0,5,Duduk Terlalu Maju
08:45:44.756,duduk_maju,74,11.61,0.64,2.68,12.86,0,0,5,Duduk Terlalu Maju
08:45:44.858,duduk_maju,74,11.68,0.64,2.65,12.84,0,0,5,Duduk Terlalu Maju
08:45:44.960,duduk_maju,74,11.73,0.64,2.62,12.79,0,0,5,Duduk Terlalu Maju
08:45:45.062,duduk_maju,74,11.75,0.64,2.59,12.77,0,0,5,Duduk Terlalu Maju
08:45:45.165,duduk_maju,74,11.80,0.63,2.55,12.75,0,0,5,Duduk Terlalu Maju
08:45:45.267,duduk_maju,74,11.80,0.64,2.53,12.68,0,0,5,Duduk Terlalu Maju
08:45:45.369,duduk_maju,74,11.82,0.65,2.52,12.65,0,0,5,Duduk Terlalu Maju
08:45:45.471,duduk_maju,74,11.85,0.67,2.51,12.62,0,0,5,Duduk Terlalu Maju
08:45:45.574,duduk_maju,74,11.83,0.67,2.50,12.57,0,0,5,Duduk Terlalu Maju
08:45:45.676,duduk_maju,74,11.81,0.68,2.52,12.50,0,0,5,Duduk Terlalu Maju
08:45:45.778,duduk_maju,74,11.79,0.69,2.56,12.33,0,0,5,Duduk Terlalu Maju
08:45:45.880,duduk_maju,74,11.65,0.70,2.57,12.16,0,0,5,Duduk Terlalu Maju
08:45:45.983,duduk_maju,74,11.44,0.73,2.57,11.90,0,0,5,Duduk Terlalu Maju
08:45:46.085,duduk_maju,74,11.24,0.79,2.57,11.50,0,0,5,Duduk Terlalu Maju
08:45:46.187,duduk_maju,74,11.05,0.85,2.56,11.08,0,0,5,Duduk Terlalu Maju
08:45:46.289,duduk_maju,74,10.87,0.94,2.57,10.57,0,0,5,Duduk Terlalu Maju
08:45:46.392,duduk_maju,74,10.62,1.10,2.65,10.09,0,0,5,Duduk Terlalu Maju
08:45:46.493,duduk_maju,74,9.62,1.22,2.93,9.81,0,0,5,Duduk Terlalu Maju
08:45:46.596,duduk_maju,74,8.76,1.35,3.36,9.53,0,0,5,Duduk Terlalu Maju
08:45:46.698,duduk_maju,74,7.93,1.53,3.68,9.20,0,0,5,Duduk Terlalu Maju
08:45:46.800,duduk_maju,74,7.04,1.68,3.69,8.44,0,0,5,Duduk Terlalu Maju
08:45:46.903,duduk_maju,74,6.54,1.72,3.62,7.41,0,0,5,Duduk Terlalu Maju
08:45:47.005,duduk_maju,74,6.60,1.80,3.63,7.02,0,0,5,Duduk Terlalu Maju
08:45:47.107,duduk_maju,74,6.32,1.89,3.62,6.44,0,0,5,Duduk Terlalu Maju
08:45:47.209,duduk_maju,74,6.02,2.00,3.68,6.04,0,0,5,Duduk Terlalu Maju
08:45:47.311,duduk_maju,74,5.54,2.20,3.76,5.47,0,0,5,Duduk Terlalu Maju
08:45:47.414,duduk_maju,74,4.87,2.26,3.81,4.90,0,0,5,Duduk Terlalu Maju
08:45:47.516,duduk_maju,74,4.97,2.24,3.79,5.10,0,0,5,Duduk Terlalu Maju
08:45:47.618,duduk_maju,74,5.36,2.19,3.64,5.39,0,0,5,Duduk Terlalu Maju
08:45:47.720,duduk_maju,74,5.76,2.18,3.51,5.58,0,0,5,Duduk Terlalu Maju
08:45:47.823,duduk_maju,74,5.81,2.14,3.55,5.74,0,0,5,Duduk Terlalu Maju
08:45:47.925,duduk_maju,74,5.71,2.09,3.61,5.79,0,0,5,Duduk Terlalu Maju
08:45:48.027,duduk_maju,74,5.77,2.04,3.60,5.94,0,0,5,Duduk Terlalu Maju
08:45:48.129,duduk_maju,74,5.78,2.01,3.59,6.07,0,0,5,Duduk Terlalu Maju
08:45:48.231,duduk_maju,74,5.76,1.96,3.59,6.17,0,0,5,Duduk Terlalu Maju
08:45:48.334,duduk_maju,74,5.83,1.93,3.57,6.26,0,0,5,Duduk Terlalu Maju
08:45:48.436,duduk_maju,74,5.92,1.91,3.55,6.34,0,0,5,Duduk Terlalu Maju
08:45:48.538,duduk_maju,74,5.96,1.89,3.54,6.40,0,0,5,Duduk Terlalu Maju
08:45:48.640,duduk_maju,74,6.00,1.89,3.53,6.40,0,0,5,Duduk Terlalu Maju
08:45:48.743,duduk_maju,74,6.04,1.89,3.52,6.39,0,0,5,Duduk Terlalu Maju
08:45:48.845,duduk_maju,74,6.09,1.91,3.51,6.41,0,0,5,Duduk Terlalu Maju
08:45:48.947,duduk_maju,74,6.13,1.91,3.48,6.43,0,0,5,Duduk Terlalu Maju
08:45:49.049,duduk_maju,74,6.18,1.89,3.45,6.49,0,0,5,Duduk Terlalu Maju
08:45:49.152,duduk_maju,74,6.29,1.88,3.46,6.60,0,0,5,Duduk Terlalu Maju
08:45:49.254,duduk_maju,74,6.27,1.89,3.46,6.59,0,0,5,Duduk Terlalu Maju
08:45:49.356,duduk_maju,74,6.23,1.88,3.48,6.58,0,0,5,Duduk Terlalu Maju
08:45:49.458,duduk_maju,74,6.30,1.86,3.48,6.69,0,0,5,Duduk Terlalu Maju
08:45:49.561,duduk_maju,74,6.39,1.85,3.41,6.73,0,0,5,Duduk Terlalu Maju
08:45:49.663,duduk_maju,74,6.51,1.87,3.33,6.66,0,0,5,Duduk Terlalu Maju
08:45:49.765,duduk_maju,74,6.53,1.85,3.37,6.68,0,0,5,Duduk Terlalu Maju
08:45:49.867,duduk_maju,74,6.49,1.81,3.44,6.92,0,0,5,Duduk Terlalu Maju
08:45:49.970,duduk_maju,74,6.38,1.77,3.50,7.01,0,0,5,Duduk Terlalu Maju
08:45:50.072,duduk_maju,74,6.32,1.75,3.53,7.06,0,0,5,Duduk Terlalu Maju
08:45:50.174,duduk_maju,74,6.30,1.77,3.51,7.05,0,0,5,Duduk Terlalu Maju
08:45:50.276,duduk_maju,74,6.34,1.79,3.47,7.06,0,0,5,Duduk Terlalu Maju
08:45:50.379,duduk_maju,74,6.42,1.77,3.42,7.05,0,0,5,Duduk Terlalu Maju
08:45:50.481,duduk_maju,74,6.50,1.74,3.40,7.12,0,0,5,Duduk Terlalu Maju
08:45:50.583,duduk_maju,74,6.62,1.72,3.41,7.22,0,0,5,Duduk Terlalu Maju
08:45:50.685,duduk_maju,74,6.58,1.72,3.44,7.21,0,0,5,Duduk Terlalu Maju
08:45:50.788,duduk_maju,74,6.54,1.76,3.45,7.21,0,0,5,Duduk Terlalu Maju
08:45:50.890,duduk_maju,74,6.58,1.78,3.42,7.22,0,0,5,Duduk Terlalu Maju
08:45:50.992,duduk_maju,74,6.64,1.76,3.37,7.21,0,0,5,Duduk Terlalu Maju
08:45:51.094,duduk_maju,74,6.75,1.73,3.34,7.29,0,0,5,Duduk Terlalu Maju
08:45:51.197,duduk_maju,74,6.90,1.71,3.32,7.49,0,0,5,Duduk Terlalu Maju
08:45:51.299,duduk_maju,74,6.97,1.69,3.31,7.55,0,0,5,Duduk Terlalu Maju
08:45:51.401,duduk_maju,74,6.98,1.66,3.30,7.67,0,0,5,Duduk Terlalu Maju
08:45:51.503,duduk_maju,74,7.09,1.64,3.26,7.76,0,0,5,Duduk Terlalu Maju
08:45:51.605,duduk_maju,74,7.21,1.61,3.23,7.80,0,0,5,Duduk Terlalu Maju
08:45:51.708,duduk_maju,74,7.26,1.57,3.22,7.92,0,0,5,Duduk Terlalu Maju
08:45:51.810,duduk_maju,74,7.38,1.58,3.19,7.95,0,0,5,Duduk Terlalu Maju
08:45:51.912,duduk_maju,74,7.41,1.57,3.19,7.96,0,0,5,Duduk Terlalu Maju
08:45:52.014,duduk_maju,74,7.54,1.58,3.16,7.99,0,0,5,Duduk Terlalu Maju
08:45:52.117,duduk_maju,74,7.56,1.60,3.15,7.99,0,0,5,Duduk Terlalu Maju
08:45:52.219,duduk_maju,74,7.57,1.59,3.15,7.99,0,0,5,Duduk Terlalu Maju
08:45:52.321,duduk_maju,74,7.59,1.58,3.16,8.02,0,0,5,Duduk Terlalu Maju
08:45:52.423,duduk_maju,74,7.59,1.58,3.16,8.06,0,0,5,Duduk Terlalu Maju
08:45:52.526,duduk_maju,74,7.59,1.58,3.15,8.05,0,0,5,Duduk Terlalu Maju
08:45:52.628,duduk_maju,74,7.61,1.59,3.14,8.02,0,0,5,Duduk Terlalu Maju
08:45:52.730,duduk_maju,74,7.62,1.59,3.15,8.03,0,0,5,Duduk Terlalu Maju
08:45:52.832,duduk_maju,74,7.63,1.60,3.14,8.02,0,0,5,Duduk Terlalu Maju
08:45:52.935,duduk_maju,74,7.64,1.60,3.12,8.03,0,0,5,Duduk Terlalu Maju
08:45:53.037,duduk_maju,74,7.73,1.59,3.11,8.09,0,0,5,Duduk Terlalu Maju
08:45:53.139,duduk_maju,74,7.76,1.60,3.09,8.12,0,0,5,Duduk Terlalu Maju
08:45:53.241,duduk_maju,74,7.78,1.58,3.07,8.13,0,0,5,Duduk Terlalu Maju
08:45:53.343,duduk_maju,74,7.86,1.57,3.07,8.17,0,0,5,Duduk Terlalu Maju
08:45:53.446,duduk_maju,74,7.90,1.58,3.04,8.17,0,0,5,Duduk Terlalu Maju
08:45:53.548,duduk_maju,74,7.92,1.57,3.00,8.11,0,0,5,Duduk Terlalu Maju
08:45:53.650,duduk_maju,74,8.01,1.58,2.99,8.15,0,0,5,Duduk Terlalu Maju
08:45:53.752,duduk_maju,74,8.01,1.56,3.00,8.22,0,0,5,Duduk Terlalu Maju
08:45:53.855,duduk_maju,74,7.92,1.56,3.03,8.20,0,0,5,Duduk Terlalu Maju
08:45:53.957,duduk_maju,74,7.91,1.58,3.06,8.21,0,0,5,Duduk Terlalu Maju
08:45:54.059,duduk_maju,74,7.88,1.60,3.07,8.14,0,0,5,Duduk Terlalu Maju
08:45:54.161,duduk_maju,74,7.84,1.60,3.07,8.08,0,0,5,Duduk Terlalu Maju
08:45:54.264,duduk_maju,74,7.89,1.61,3.06,8.10,0,0,5,Duduk Terlalu Maju
08:45:54.366,duduk_maju,74,7.92,1.61,3.04,8.08,0,0,5,Duduk Terlalu Maju
08:45:54.468,duduk_maju,74,7.91,1.62,3.04,8.06,0,0,5,Duduk Terlalu Maju
08:45:54.570,duduk_maju,74,7.93,1.63,3.05,8.08,0,0,5,Duduk Terlalu Maju
08:45:54.673,duduk_maju,74,7.95,1.62,3.04,8.09,0,0,5,Duduk Terlalu Maju
08:45:54.775,duduk_maju,74,7.94,1.60,3.03,8.09,0,0,5,Duduk Terlalu Maju
08:45:54.877,duduk_maju,74,7.96,1.60,3.03,8.12,0,0,5,Duduk Terlalu Maju
08:45:54.979,duduk_maju,74,7.96,1.60,3.04,8.16,0,0,5,Duduk Terlalu Maju
08:45:55.082,duduk_maju,74,7.97,1.63,3.06,8.19,0,0,5,Duduk Terlalu Maju
08:45:55.184,duduk_maju,74,8.13,1.70,2.97,8.22,0,0,5,Duduk Terlalu Maju
08:45:55.286,duduk_maju,74,8.11,1.72,2.90,8.01,0,0,5,Duduk Terlalu Maju
08:45:55.388,duduk_maju,74,7.87,1.64,3.02,8.22,0,0,5,Duduk Terlalu Maju
08:45:55.491,duduk_maju,74,7.75,1.55,3.25,8.89,0,0,5,Duduk Terlalu Maju
08:45:55.593,duduk_maju,74,7.73,1.42,3.44,9.21,0,0,5,Duduk Terlalu Maju
08:45:55.695,duduk_maju,74,7.66,1.36,3.33,9.14,0,0,5,Duduk Terlalu Maju
08:45:55.797,duduk_maju,74,7.73,1.33,3.17,9.12,0,0,5,Duduk Terlalu Maju
08:45:55.899,duduk_maju,74,8.14,1.32,2.99,9.16,0,0,5,Duduk Terlalu Maju
08:45:56.002,duduk_maju,74,8.49,1.33,2.90,9.14,0,0,5,Duduk Terlalu Maju
08:45:56.104,duduk_maju,74,8.61,1.36,2.91,9.12,0,0,5,Duduk Terlalu Maju
